nodename,batch,solution,version,git,task,data,timestamp,action,stderr,ret
ip-172-31-31-147,1717777895,collapse,2.0.14,,groupby,G1_1e7_1e2_0_0,1717777897.62596,start,,
ip-172-31-31-147,1717777895,collapse,2.0.14,,groupby,G1_1e7_1e2_0_0,1717777907.89878,finish,0,0
ip-172-31-31-147,1717777895,collapse,2.0.14,,groupby,G1_1e7_1e1_0_0,1717777922.91405,start,,
ip-172-31-31-147,1717777895,collapse,2.0.14,,groupby,G1_1e7_1e1_0_0,1717777942.83825,finish,0,0
ip-172-31-31-147,1717777895,collapse,2.0.14,,groupby,G1_1e7_2e0_0_0,1717777957.85351,start,,
ip-172-31-31-147,1717777895,collapse,2.0.14,,groupby,G1_1e7_2e0_0_0,1717778018.27958,finish,0,0
ip-172-31-31-147,1717777895,collapse,2.0.14,,groupby,G1_1e7_1e2_0_1,1717778033.29482,start,,
ip-172-31-31-147,1717777895,collapse,2.0.14,,groupby,G1_1e7_1e2_0_1,1717778042.29982,finish,0,0
ip-172-31-31-147,1717778127,collapse,2.0.14,,groupby,G1_1e7_1e2_0_0,1717778129.53338,start,,
ip-172-31-31-147,1717778127,collapse,2.0.14,,groupby,G1_1e7_1e2_0_0,1717778139.90596,finish,0,0
ip-172-31-31-147,1717778127,collapse,2.0.14,,join,J1_1e7_NA_0_0,1717778154.92109,start,,
ip-172-31-31-147,1717778127,collapse,2.0.14,,join,J1_1e7_NA_0_0,1717778260.67507,finish,0,0
ip-172-31-31-147,1717778127,data.table,1.15.99,ca815babe422621724a52507c00c378090843f1e,groupby,G1_1e7_1e2_0_0,1717778275.69035,start,,
ip-172-31-31-147,1717778127,data.table,1.15.99,ca815babe422621724a52507c00c378090843f1e,groupby,G1_1e7_1e2_0_0,1717778291.46867,finish,0,0
ip-172-31-31-147,1717778127,data.table,1.15.99,ca815babe422621724a52507c00c378090843f1e,join,J1_1e7_NA_0_0,1717778306.48383,start,,
ip-172-31-31-147,1717778127,data.table,1.15.99,ca815babe422621724a52507c00c378090843f1e,join,J1_1e7_NA_0_0,1717778421.40455,finish,0,0
ip-172-31-31-147,1717778127,juliadf,1.6.1,04c738083f29f86e62c8afc341f0967d8717bdb8,groupby,G1_1e7_1e2_0_0,1717778436.41984,start,,
ip-172-31-31-147,1717778127,juliadf,1.6.1,04c738083f29f86e62c8afc341f0967d8717bdb8,groupby,G1_1e7_1e2_0_0,1717778458.90007,finish,0,0
ip-172-31-31-147,1717778127,juliadf,1.6.1,04c738083f29f86e62c8afc341f0967d8717bdb8,join,J1_1e7_NA_0_0,1717778473.91531,start,,
ip-172-31-31-147,1717778127,juliadf,1.6.1,04c738083f29f86e62c8afc341f0967d8717bdb8,join,J1_1e7_NA_0_0,1717778500.14336,finish,0,0
ip-172-31-31-147,1717778127,dplyr,1.1.4,,groupby,G1_1e7_1e2_0_0,1717778515.15847,start,,
ip-172-31-31-147,1717778127,dplyr,1.1.4,,groupby,G1_1e7_1e2_0_0,1717778713.13609,finish,16,0
ip-172-31-31-147,1717778127,dplyr,1.1.4,,join,J1_1e7_NA_0_0,1717778728.15121,start,,
ip-172-31-31-147,1717778127,dplyr,1.1.4,,join,J1_1e7_NA_0_0,1717778848.68501,finish,0,0
ip-172-31-31-147,1717778127,pandas,2.2.2,d9cdd2ee5a58015ef6f4d15c7226110c9aab8140,groupby,G1_1e7_1e2_0_0,1717778863.70024,start,,
ip-172-31-31-147,1717778127,pandas,2.2.2,d9cdd2ee5a58015ef6f4d15c7226110c9aab8140,groupby,G1_1e7_1e2_0_0,1717778890.76414,finish,4,0
ip-172-31-31-147,1717778127,pandas,2.2.2,d9cdd2ee5a58015ef6f4d15c7226110c9aab8140,join,J1_1e7_NA_0_0,1717778905.77939,start,,
ip-172-31-31-147,1717778127,pandas,2.2.2,d9cdd2ee5a58015ef6f4d15c7226110c9aab8140,join,J1_1e7_NA_0_0,1717778951.02141,finish,0,0
ip-172-31-31-147,1717778127,pydatatable,1.2.0a0,b1a87103c55433dc2069df28a460f3ad15450025,groupby,G1_1e7_1e2_0_0,1717778966.03666,start,,
ip-172-31-31-147,1717778127,pydatatable,1.2.0a0,b1a87103c55433dc2069df28a460f3ad15450025,groupby,G1_1e7_1e2_0_0,1717779133.95093,finish,0,0
ip-172-31-31-147,1717778127,pydatatable,1.2.0a0,b1a87103c55433dc2069df28a460f3ad15450025,join,J1_1e7_NA_0_0,1717779148.96618,start,,
ip-172-31-31-147,1717778127,pydatatable,1.2.0a0,b1a87103c55433dc2069df28a460f3ad15450025,join,J1_1e7_NA_0_0,1717780137.36118,finish,0,0
ip-172-31-31-147,1717778127,spark,3.5.1,,groupby,G1_1e7_1e2_0_0,1717780152.37643,start,,
ip-172-31-31-147,1717778127,spark,3.5.1,,groupby,G1_1e7_1e2_0_0,1717780201.33658,finish,3,0
ip-172-31-31-147,1717778127,spark,3.5.1,,join,J1_1e7_NA_0_0,1717780216.35189,start,,
ip-172-31-31-147,1717778127,spark,3.5.1,,join,J1_1e7_NA_0_0,1717780254.97334,finish,3,0
ip-172-31-31-147,1717778127,dask,2024.5.2,05a04aafa0cab80b3287b59a9358f16919202db1,groupby,G1_1e7_1e2_0_0,1717780269.98851,start,,
ip-172-31-31-147,1717778127,dask,2024.5.2,05a04aafa0cab80b3287b59a9358f16919202db1,groupby,G1_1e7_1e2_0_0,1717780307.32124,finish,20,1
ip-172-31-31-147,1717778127,dask,2024.5.2,05a04aafa0cab80b3287b59a9358f16919202db1,join,J1_1e7_NA_0_0,1717780322.33648,start,,
ip-172-31-31-147,1717778127,dask,2024.5.2,05a04aafa0cab80b3287b59a9358f16919202db1,join,J1_1e7_NA_0_0,1717780388.08404,finish,0,0
ip-172-31-31-147,1717778127,clickhouse,24.5.1.1763,,groupby,G1_1e7_1e2_0_0,1717780403.09928,start,,
ip-172-31-31-147,1717778127,clickhouse,24.5.1.1763,,groupby,G1_1e7_1e2_0_0,1717780551.56812,finish,0,0
ip-172-31-31-147,1717778127,clickhouse,24.5.1.1763,,join,J1_1e7_NA_0_0,1717780566.58336,start,,
ip-172-31-31-147,1717778127,clickhouse,24.5.1.1763,,join,J1_1e7_NA_0_0,1717780719.51691,finish,0,0
ip-172-31-31-147,1717778127,polars,0.20.31,,groupby,G1_1e7_1e2_0_0,1717780734.53215,start,,
ip-172-31-31-147,1717778127,polars,0.20.31,,groupby,G1_1e7_1e2_0_0,1717780740.61905,finish,2,0
ip-172-31-31-147,1717778127,polars,0.20.31,,join,J1_1e7_NA_0_0,1717780755.63415,start,,
ip-172-31-31-147,1717778127,polars,0.20.31,,join,J1_1e7_NA_0_0,1717781419.78869,finish,12,0
ip-172-31-31-147,1717778127,R-arrow,16.1.0,,groupby,G1_1e7_1e2_0_0,1717781434.80393,start,,
ip-172-31-31-147,1717778127,R-arrow,16.1.0,,groupby,G1_1e7_1e2_0_0,1717781459.65731,finish,3,0
ip-172-31-31-147,1717778127,R-arrow,16.1.0,,join,J1_1e7_NA_0_0,1717781474.67255,start,,
ip-172-31-31-147,1717778127,R-arrow,16.1.0,,join,J1_1e7_NA_0_0,1717781520.19992,finish,0,0
ip-172-31-31-147,1717778127,duckdb,1.0.0,1f98600c2c,groupby,G1_1e7_1e2_0_0,1717781535.21515,start,,
ip-172-31-31-147,1717778127,duckdb,1.0.0,1f98600c2c,groupby,G1_1e7_1e2_0_0,1717781539.43749,finish,2,0
ip-172-31-31-147,1717778127,duckdb,1.0.0,1f98600c2c,join,J1_1e7_NA_0_0,1717781554.45274,start,,
ip-172-31-31-147,1717778127,duckdb,1.0.0,1f98600c2c,join,J1_1e7_NA_0_0,1717781559.37975,finish,0,0
ip-172-31-31-147,1717778127,duckdb-latest,1.0.0.9000,c3903e44e0,groupby,G1_1e7_1e2_0_0,1717781574.39484,start,,
ip-172-31-31-147,1717778127,duckdb-latest,1.0.0.9000,c3903e44e0,groupby,G1_1e7_1e2_0_0,1717781578.81515,finish,2,0
ip-172-31-31-147,1717778127,duckdb-latest,1.0.0.9000,c3903e44e0,join,J1_1e7_NA_0_0,1717781593.83026,start,,
ip-172-31-31-147,1717778127,duckdb-latest,1.0.0.9000,c3903e44e0,join,J1_1e7_NA_0_0,1717781598.84273,finish,0,0
ip-172-31-31-147,1717778127,datafusion,38.0.1,,groupby,G1_1e7_1e2_0_0,1717781613.85797,start,,
ip-172-31-31-147,1717778127,datafusion,38.0.1,,groupby,G1_1e7_1e2_0_0,1717781617.14944,finish,0,0
ip-172-31-31-147,1717778127,datafusion,38.0.1,,join,J1_1e7_NA_0_0,1717781632.16469,start,,
ip-172-31-31-147,1717778127,datafusion,38.0.1,,join,J1_1e7_NA_0_0,1717781635.68134,finish,0,0
ip-172-31-31-147,1717788597,collapse,2.0.14,,groupby,G1_1e7_1e2_0_0,1717788599.18732,start,,
ip-172-31-31-147,1717788597,collapse,2.0.14,,groupby,G1_1e7_1e2_0_0,1717788609.44381,finish,0,0
ip-172-31-31-147,1717788597,collapse,2.0.14,,groupby,G1_1e7_1e1_0_0,1717788624.45907,start,,
ip-172-31-31-147,1717788597,collapse,2.0.14,,groupby,G1_1e7_1e1_0_0,1717788644.42987,finish,0,0
ip-172-31-31-147,1717788597,collapse,2.0.14,,groupby,G1_1e7_2e0_0_0,1717788659.4451,start,,
ip-172-31-31-147,1717788597,collapse,2.0.14,,groupby,G1_1e7_2e0_0_0,1717788719.49124,finish,0,0
ip-172-31-31-147,1717788597,collapse,2.0.14,,groupby,G1_1e7_1e2_0_1,1717788734.50651,start,,
ip-172-31-31-147,1717788597,collapse,2.0.14,,groupby,G1_1e7_1e2_0_1,1717788743.56361,finish,0,0
ip-172-31-31-147,1717788597,collapse,2.0.14,,groupby,G1_1e7_1e2_5_0,1717788758.57885,start,,
ip-172-31-31-147,1717788597,collapse,2.0.14,,groupby,G1_1e7_1e2_5_0,1717788769.69854,finish,0,0
ip-172-31-31-147,1717788597,collapse,2.0.14,,groupby,G1_1e8_1e2_0_0,1717788784.71379,start,,
ip-172-31-31-147,1717788597,collapse,2.0.14,,groupby,G1_1e8_1e2_0_0,1717788915.34498,finish,0,0
ip-172-31-31-147,1717788597,collapse,2.0.14,,groupby,G1_1e8_1e1_0_0,1717788930.36022,start,,
ip-172-31-31-147,1717788597,collapse,2.0.14,,groupby,G1_1e8_1e1_0_0,1717789202.0431,finish,0,0
ip-172-31-31-147,1717788597,collapse,2.0.14,,groupby,G1_1e8_2e0_0_0,1717789217.05835,start,,
ip-172-31-31-147,1717788597,collapse,2.0.14,,groupby,G1_1e8_2e0_0_0,1717789875.75819,finish,0,0
ip-172-31-31-147,1717788597,collapse,2.0.14,,groupby,G1_1e8_1e2_0_1,1717789890.77342,start,,
ip-172-31-31-147,1717788597,collapse,2.0.14,,groupby,G1_1e8_1e2_0_1,1717790006.54244,finish,0,0
ip-172-31-31-147,1717788597,collapse,2.0.14,,groupby,G1_1e8_1e2_5_0,1717790021.55754,start,,
ip-172-31-31-147,1717788597,collapse,2.0.14,,groupby,G1_1e8_1e2_5_0,1717790149.41453,finish,0,0
ip-172-31-31-147,1717788597,collapse,2.0.14,,groupby,G1_1e9_1e2_0_0,1717790164.42977,start,,
ip-172-31-31-147,1717788597,collapse,2.0.14,,groupby,G1_1e9_1e2_0_0,1717792511.85491,finish,0,0
ip-172-31-31-147,1717788597,collapse,2.0.14,,groupby,G1_1e9_1e1_0_0,1717792526.87019,start,,
ip-172-31-31-147,1717788597,collapse,2.0.14,,groupby,G1_1e9_1e1_0_0,1717796414.88921,finish,0,0
ip-172-31-31-147,1717788597,collapse,2.0.14,,groupby,G1_1e9_2e0_0_0,1717796429.9043,start,,
ip-172-31-31-147,1717788597,collapse,2.0.14,,groupby,G1_1e9_2e0_0_0,1717807007.70285,finish,0,0
ip-172-31-31-147,1717788597,collapse,2.0.14,,groupby,G1_1e9_1e2_0_1,1717807022.71796,start,,
ip-172-31-31-147,1717788597,collapse,2.0.14,,groupby,G1_1e9_1e2_0_1,1717808606.53916,finish,0,0
ip-172-31-31-147,1717788597,collapse,2.0.14,,groupby,G1_1e9_1e2_5_0,1717808621.55442,start,,
ip-172-31-31-147,1717788597,collapse,2.0.14,,groupby,G1_1e9_1e2_5_0,1717810865.96912,finish,0,0
ip-172-31-31-147,1717788597,collapse,2.0.14,,join,J1_1e7_NA_0_0,1717810880.98436,start,,
ip-172-31-31-147,1717788597,collapse,2.0.14,,join,J1_1e7_NA_0_0,1717810988.01671,finish,0,0
ip-172-31-31-147,1717788597,collapse,2.0.14,,join,J1_1e7_NA_5_0,1717811003.03201,start,,
ip-172-31-31-147,1717788597,collapse,2.0.14,,join,J1_1e7_NA_5_0,1717811107.83785,finish,0,0
ip-172-31-31-147,1717788597,collapse,2.0.14,,join,J1_1e7_NA_0_1,1717811122.85295,start,,
ip-172-31-31-147,1717788597,collapse,2.0.14,,join,J1_1e7_NA_0_1,1717811224.77704,finish,0,0
ip-172-31-31-147,1717788597,collapse,2.0.14,,join,J1_1e8_NA_0_0,1717811239.79237,start,,
ip-172-31-31-147,1717788597,collapse,2.0.14,,join,J1_1e8_NA_0_0,1717812499.49666,finish,0,0
ip-172-31-31-147,1717788597,collapse,2.0.14,,join,J1_1e8_NA_5_0,1717812514.51189,start,,
ip-172-31-31-147,1717788597,collapse,2.0.14,,join,J1_1e8_NA_5_0,1717813700.26807,finish,0,0
ip-172-31-31-147,1717788597,collapse,2.0.14,,join,J1_1e8_NA_0_1,1717813715.2832,start,,
ip-172-31-31-147,1717788597,collapse,2.0.14,,join,J1_1e8_NA_0_1,1717814921.98979,finish,0,0
ip-172-31-31-147,1717788597,data.table,1.15.99,ca815babe422621724a52507c00c378090843f1e,groupby,G1_1e7_1e2_0_0,1717814937.00488,start,,
ip-172-31-31-147,1717788597,data.table,1.15.99,ca815babe422621724a52507c00c378090843f1e,groupby,G1_1e7_1e2_0_0,1717814953.80195,finish,0,0
ip-172-31-31-147,1717788597,data.table,1.15.99,ca815babe422621724a52507c00c378090843f1e,groupby,G1_1e7_1e1_0_0,1717814968.81723,start,,
ip-172-31-31-147,1717788597,data.table,1.15.99,ca815babe422621724a52507c00c378090843f1e,groupby,G1_1e7_1e1_0_0,1717815001.36909,finish,0,0
ip-172-31-31-147,1717788597,data.table,1.15.99,ca815babe422621724a52507c00c378090843f1e,groupby,G1_1e7_2e0_0_0,1717815016.38437,start,,
ip-172-31-31-147,1717788597,data.table,1.15.99,ca815babe422621724a52507c00c378090843f1e,groupby,G1_1e7_2e0_0_0,1717815118.05644,finish,0,0
ip-172-31-31-147,1717788597,data.table,1.15.99,ca815babe422621724a52507c00c378090843f1e,groupby,G1_1e7_1e2_0_1,1717815133.07168,start,,
ip-172-31-31-147,1717788597,data.table,1.15.99,ca815babe422621724a52507c00c378090843f1e,groupby,G1_1e7_1e2_0_1,1717815144.14543,finish,0,0
ip-172-31-31-147,1717788597,data.table,1.15.99,ca815babe422621724a52507c00c378090843f1e,groupby,G1_1e7_1e2_5_0,1717815159.16052,start,,
ip-172-31-31-147,1717788597,data.table,1.15.99,ca815babe422621724a52507c00c378090843f1e,groupby,G1_1e7_1e2_5_0,1717815178.87129,finish,0,0
ip-172-31-31-147,1717788597,data.table,1.15.99,ca815babe422621724a52507c00c378090843f1e,groupby,G1_1e8_1e2_0_0,1717815193.88658,start,,
ip-172-31-31-147,1717788597,data.table,1.15.99,ca815babe422621724a52507c00c378090843f1e,groupby,G1_1e8_1e2_0_0,1717815328.32209,finish,0,0
ip-172-31-31-147,1717788597,data.table,1.15.99,ca815babe422621724a52507c00c378090843f1e,groupby,G1_1e8_1e1_0_0,1717815343.33732,start,,
ip-172-31-31-147,1717788597,data.table,1.15.99,ca815babe422621724a52507c00c378090843f1e,groupby,G1_1e8_1e1_0_0,1717815659.54055,finish,0,0
ip-172-31-31-147,1717788597,data.table,1.15.99,ca815babe422621724a52507c00c378090843f1e,groupby,G1_1e8_2e0_0_0,1717815674.5558,start,,
ip-172-31-31-147,1717788597,data.table,1.15.99,ca815babe422621724a52507c00c378090843f1e,groupby,G1_1e8_2e0_0_0,1717816546.25146,finish,0,0
ip-172-31-31-147,1717788597,data.table,1.15.99,ca815babe422621724a52507c00c378090843f1e,groupby,G1_1e8_1e2_0_1,1717816561.26674,start,,
ip-172-31-31-147,1717788597,data.table,1.15.99,ca815babe422621724a52507c00c378090843f1e,groupby,G1_1e8_1e2_0_1,1717816672.46129,finish,0,0
ip-172-31-31-147,1717788597,data.table,1.15.99,ca815babe422621724a52507c00c378090843f1e,groupby,G1_1e8_1e2_5_0,1717816687.47653,start,,
ip-172-31-31-147,1717788597,data.table,1.15.99,ca815babe422621724a52507c00c378090843f1e,groupby,G1_1e8_1e2_5_0,1717816826.38102,finish,0,0
ip-172-31-31-147,1717788597,data.table,1.15.99,ca815babe422621724a52507c00c378090843f1e,groupby,G1_1e9_1e2_0_0,1717816841.39627,start,,
ip-172-31-31-147,1717788597,data.table,1.15.99,ca815babe422621724a52507c00c378090843f1e,groupby,G1_1e9_1e2_0_0,1717818733.98161,finish,0,0
ip-172-31-31-147,1717788597,data.table,1.15.99,ca815babe422621724a52507c00c378090843f1e,groupby,G1_1e9_1e1_0_0,1717818748.99687,start,,
ip-172-31-31-147,1717788597,data.table,1.15.99,ca815babe422621724a52507c00c378090843f1e,groupby,G1_1e9_1e1_0_0,1717822448.74072,finish,0,0
ip-172-31-31-147,1717788597,data.table,1.15.99,ca815babe422621724a52507c00c378090843f1e,groupby,G1_1e9_2e0_0_0,1717822463.75598,start,,
ip-172-31-31-147,1717788597,data.table,1.15.99,ca815babe422621724a52507c00c378090843f1e,groupby,G1_1e9_2e0_0_0,1717833283.76533,finish,1,0
ip-172-31-31-147,1717788597,data.table,1.15.99,ca815babe422621724a52507c00c378090843f1e,groupby,G1_1e9_1e2_0_1,1717833298.7805,start,,
ip-172-31-31-147,1717788597,data.table,1.15.99,ca815babe422621724a52507c00c378090843f1e,groupby,G1_1e9_1e2_0_1,1717834964.16768,finish,0,0
ip-172-31-31-147,1717788597,data.table,1.15.99,ca815babe422621724a52507c00c378090843f1e,groupby,G1_1e9_1e2_5_0,1717834979.18291,start,,
ip-172-31-31-147,1717788597,data.table,1.15.99,ca815babe422621724a52507c00c378090843f1e,groupby,G1_1e9_1e2_5_0,1717836874.72922,finish,0,0
ip-172-31-31-147,1717788597,data.table,1.15.99,ca815babe422621724a52507c00c378090843f1e,join,J1_1e7_NA_0_0,1717836889.74446,start,,
ip-172-31-31-147,1717788597,data.table,1.15.99,ca815babe422621724a52507c00c378090843f1e,join,J1_1e7_NA_0_0,1717837014.11187,finish,0,0
ip-172-31-31-147,1717788597,data.table,1.15.99,ca815babe422621724a52507c00c378090843f1e,join,J1_1e7_NA_5_0,1717837029.12699,start,,
ip-172-31-31-147,1717788597,data.table,1.15.99,ca815babe422621724a52507c00c378090843f1e,join,J1_1e7_NA_5_0,1717837142.27368,finish,0,0
ip-172-31-31-147,1717788597,data.table,1.15.99,ca815babe422621724a52507c00c378090843f1e,join,J1_1e7_NA_0_1,1717837157.28895,start,,
ip-172-31-31-147,1717788597,data.table,1.15.99,ca815babe422621724a52507c00c378090843f1e,join,J1_1e7_NA_0_1,1717837271.48787,finish,0,0
ip-172-31-31-147,1717788597,data.table,1.15.99,ca815babe422621724a52507c00c378090843f1e,join,J1_1e8_NA_0_0,1717837286.50297,start,,
ip-172-31-31-147,1717788597,data.table,1.15.99,ca815babe422621724a52507c00c378090843f1e,join,J1_1e8_NA_0_0,1717838684.85083,finish,0,0
ip-172-31-31-147,1717788597,data.table,1.15.99,ca815babe422621724a52507c00c378090843f1e,join,J1_1e8_NA_5_0,1717838699.86596,start,,
ip-172-31-31-147,1717788597,data.table,1.15.99,ca815babe422621724a52507c00c378090843f1e,join,J1_1e8_NA_5_0,1717839990.2546,finish,0,0
ip-172-31-31-147,1717788597,data.table,1.15.99,ca815babe422621724a52507c00c378090843f1e,join,J1_1e8_NA_0_1,1717840005.26992,start,,
ip-172-31-31-147,1717788597,data.table,1.15.99,ca815babe422621724a52507c00c378090843f1e,join,J1_1e8_NA_0_1,1717841303.82376,finish,0,0
ip-172-31-31-147,1717788597,juliadf,1.6.1,04c738083f29f86e62c8afc341f0967d8717bdb8,groupby,G1_1e7_1e2_0_0,1717841318.83907,start,,
ip-172-31-31-147,1717788597,juliadf,1.6.1,04c738083f29f86e62c8afc341f0967d8717bdb8,groupby,G1_1e7_1e2_0_0,1717841344.08485,finish,0,0
ip-172-31-31-147,1717788597,juliadf,1.6.1,04c738083f29f86e62c8afc341f0967d8717bdb8,groupby,G1_1e7_1e1_0_0,1717841359.10002,start,,
ip-172-31-31-147,1717788597,juliadf,1.6.1,04c738083f29f86e62c8afc341f0967d8717bdb8,groupby,G1_1e7_1e1_0_0,1717841383.59566,finish,0,0
ip-172-31-31-147,1717788597,juliadf,1.6.1,04c738083f29f86e62c8afc341f0967d8717bdb8,groupby,G1_1e7_2e0_0_0,1717841398.6109,start,,
ip-172-31-31-147,1717788597,juliadf,1.6.1,04c738083f29f86e62c8afc341f0967d8717bdb8,groupby,G1_1e7_2e0_0_0,1717841426.89991,finish,0,0
ip-172-31-31-147,1717788597,juliadf,1.6.1,04c738083f29f86e62c8afc341f0967d8717bdb8,groupby,G1_1e7_1e2_0_1,1717841441.91514,start,,
ip-172-31-31-147,1717788597,juliadf,1.6.1,04c738083f29f86e62c8afc341f0967d8717bdb8,groupby,G1_1e7_1e2_0_1,1717841464.01293,finish,0,0
ip-172-31-31-147,1717788597,juliadf,1.6.1,04c738083f29f86e62c8afc341f0967d8717bdb8,groupby,G1_1e7_1e2_5_0,1717841479.02823,start,,
ip-172-31-31-147,1717788597,juliadf,1.6.1,04c738083f29f86e62c8afc341f0967d8717bdb8,groupby,G1_1e7_1e2_5_0,1717841504.94188,finish,0,0
ip-172-31-31-147,1717788597,juliadf,1.6.1,04c738083f29f86e62c8afc341f0967d8717bdb8,groupby,G1_1e8_1e2_0_0,1717841519.95722,start,,
ip-172-31-31-147,1717788597,juliadf,1.6.1,04c738083f29f86e62c8afc341f0967d8717bdb8,groupby,G1_1e8_1e2_0_0,1717841657.63347,finish,0,0
ip-172-31-31-147,1717788597,juliadf,1.6.1,04c738083f29f86e62c8afc341f0967d8717bdb8,groupby,G1_1e8_1e1_0_0,1717841672.64871,start,,
ip-172-31-31-147,1717788597,juliadf,1.6.1,04c738083f29f86e62c8afc341f0967d8717bdb8,groupby,G1_1e8_1e1_0_0,1717841841.86604,finish,0,0
ip-172-31-31-147,1717788597,juliadf,1.6.1,04c738083f29f86e62c8afc341f0967d8717bdb8,groupby,G1_1e8_2e0_0_0,1717841856.88135,start,,
ip-172-31-31-147,1717788597,juliadf,1.6.1,04c738083f29f86e62c8afc341f0967d8717bdb8,groupby,G1_1e8_2e0_0_0,1717842077.16629,finish,0,0
ip-172-31-31-147,1717788597,juliadf,1.6.1,04c738083f29f86e62c8afc341f0967d8717bdb8,groupby,G1_1e8_1e2_0_1,1717842092.18149,start,,
ip-172-31-31-147,1717788597,juliadf,1.6.1,04c738083f29f86e62c8afc341f0967d8717bdb8,groupby,G1_1e8_1e2_0_1,1717842226.93032,finish,0,0
ip-172-31-31-147,1717788597,juliadf,1.6.1,04c738083f29f86e62c8afc341f0967d8717bdb8,groupby,G1_1e8_1e2_5_0,1717842241.94542,start,,
ip-172-31-31-147,1717788597,juliadf,1.6.1,04c738083f29f86e62c8afc341f0967d8717bdb8,groupby,G1_1e8_1e2_5_0,1717842387.02159,finish,0,0
ip-172-31-31-147,1717788597,juliadf,1.6.1,04c738083f29f86e62c8afc341f0967d8717bdb8,groupby,G1_1e9_1e2_0_0,1717842402.03688,start,,
ip-172-31-31-147,1717788597,juliadf,1.6.1,04c738083f29f86e62c8afc341f0967d8717bdb8,groupby,G1_1e9_1e2_0_0,1717843816.62899,finish,0,0
ip-172-31-31-147,1717788597,juliadf,1.6.1,04c738083f29f86e62c8afc341f0967d8717bdb8,groupby,G1_1e9_1e1_0_0,1717843831.64424,start,,
ip-172-31-31-147,1717788597,juliadf,1.6.1,04c738083f29f86e62c8afc341f0967d8717bdb8,groupby,G1_1e9_1e1_0_0,1717845692.26002,finish,0,0
ip-172-31-31-147,1717788597,juliadf,1.6.1,04c738083f29f86e62c8afc341f0967d8717bdb8,groupby,G1_1e9_2e0_0_0,1717845707.27523,start,,
ip-172-31-31-147,1717788597,juliadf,1.6.1,04c738083f29f86e62c8afc341f0967d8717bdb8,groupby,G1_1e9_2e0_0_0,1717848136.7106,finish,0,0
ip-172-31-31-147,1717788597,juliadf,1.6.1,04c738083f29f86e62c8afc341f0967d8717bdb8,groupby,G1_1e9_1e2_0_1,1717848151.72583,start,,
ip-172-31-31-147,1717788597,juliadf,1.6.1,04c738083f29f86e62c8afc341f0967d8717bdb8,groupby,G1_1e9_1e2_0_1,1717849508.17611,finish,0,0
ip-172-31-31-147,1717788597,juliadf,1.6.1,04c738083f29f86e62c8afc341f0967d8717bdb8,groupby,G1_1e9_1e2_5_0,1717849523.19127,start,,
ip-172-31-31-147,1717788597,juliadf,1.6.1,04c738083f29f86e62c8afc341f0967d8717bdb8,groupby,G1_1e9_1e2_5_0,1717850952.7466,finish,0,0
ip-172-31-31-147,1717788597,juliadf,1.6.1,04c738083f29f86e62c8afc341f0967d8717bdb8,join,J1_1e7_NA_0_0,1717850967.76185,start,,
ip-172-31-31-147,1717788597,juliadf,1.6.1,04c738083f29f86e62c8afc341f0967d8717bdb8,join,J1_1e7_NA_0_0,1717850993.94902,finish,0,0
ip-172-31-31-147,1717788597,juliadf,1.6.1,04c738083f29f86e62c8afc341f0967d8717bdb8,join,J1_1e7_NA_5_0,1717851008.96414,start,,
ip-172-31-31-147,1717788597,juliadf,1.6.1,04c738083f29f86e62c8afc341f0967d8717bdb8,join,J1_1e7_NA_5_0,1717851037.4179,finish,0,0
ip-172-31-31-147,1717788597,juliadf,1.6.1,04c738083f29f86e62c8afc341f0967d8717bdb8,join,J1_1e7_NA_0_1,1717851052.43316,start,,
ip-172-31-31-147,1717788597,juliadf,1.6.1,04c738083f29f86e62c8afc341f0967d8717bdb8,join,J1_1e7_NA_0_1,1717851076.85759,finish,0,0
ip-172-31-31-147,1717788597,juliadf,1.6.1,04c738083f29f86e62c8afc341f0967d8717bdb8,join,J1_1e8_NA_0_0,1717851091.87286,start,,
ip-172-31-31-147,1717788597,juliadf,1.6.1,04c738083f29f86e62c8afc341f0967d8717bdb8,join,J1_1e8_NA_0_0,1717851334.14983,finish,0,0
ip-172-31-31-147,1717788597,juliadf,1.6.1,04c738083f29f86e62c8afc341f0967d8717bdb8,join,J1_1e8_NA_5_0,1717851349.16509,start,,
ip-172-31-31-147,1717788597,juliadf,1.6.1,04c738083f29f86e62c8afc341f0967d8717bdb8,join,J1_1e8_NA_5_0,1717851610.70145,finish,0,0
ip-172-31-31-147,1717788597,juliadf,1.6.1,04c738083f29f86e62c8afc341f0967d8717bdb8,join,J1_1e8_NA_0_1,1717851625.71655,start,,
ip-172-31-31-147,1717788597,juliadf,1.6.1,04c738083f29f86e62c8afc341f0967d8717bdb8,join,J1_1e8_NA_0_1,1717851844.35085,finish,0,0
ip-172-31-31-147,1717788597,dplyr,1.1.4,,groupby,G1_1e7_1e2_0_0,1717851859.36608,start,,
ip-172-31-31-147,1717788597,dplyr,1.1.4,,groupby,G1_1e7_1e2_0_0,1717852046.22634,finish,16,0
ip-172-31-31-147,1717788597,dplyr,1.1.4,,groupby,G1_1e7_1e1_0_0,1717852061.24145,start,,
ip-172-31-31-147,1717788597,dplyr,1.1.4,,groupby,G1_1e7_1e1_0_0,1717852321.35515,finish,16,0
ip-172-31-31-147,1717788597,dplyr,1.1.4,,groupby,G1_1e7_2e0_0_0,1717852336.37041,start,,
ip-172-31-31-147,1717788597,dplyr,1.1.4,,groupby,G1_1e7_2e0_0_0,1717852886.53408,finish,16,0
ip-172-31-31-147,1717788597,dplyr,1.1.4,,groupby,G1_1e7_1e2_0_1,1717852901.54932,start,,
ip-172-31-31-147,1717788597,dplyr,1.1.4,,groupby,G1_1e7_1e2_0_1,1717853086.04816,finish,16,0
ip-172-31-31-147,1717788597,dplyr,1.1.4,,groupby,G1_1e7_1e2_5_0,1717853101.06341,start,,
ip-172-31-31-147,1717788597,dplyr,1.1.4,,groupby,G1_1e7_1e2_5_0,1717853292.80963,finish,16,0
ip-172-31-31-147,1717788597,dplyr,1.1.4,,groupby,G1_1e8_1e2_0_0,1717853307.82489,start,,
ip-172-31-31-147,1717788597,dplyr,1.1.4,,groupby,G1_1e8_1e2_0_0,1717855321.2575,finish,16,0
ip-172-31-31-147,1717788597,dplyr,1.1.4,,groupby,G1_1e8_1e1_0_0,1717855336.27261,start,,
ip-172-31-31-147,1717788597,dplyr,1.1.4,,groupby,G1_1e8_1e1_0_0,1717858271.43732,finish,16,0
ip-172-31-31-147,1717788597,dplyr,1.1.4,,groupby,G1_1e8_2e0_0_0,1717858286.45256,start,,
ip-172-31-31-147,1717788597,dplyr,1.1.4,,groupby,G1_1e8_2e0_0_0,1717864243.97281,finish,16,0
ip-172-31-31-147,1717788597,dplyr,1.1.4,,groupby,G1_1e8_1e2_0_1,1717864258.98804,start,,
ip-172-31-31-147,1717788597,dplyr,1.1.4,,groupby,G1_1e8_1e2_0_1,1717866254.06507,finish,16,0
ip-172-31-31-147,1717788597,dplyr,1.1.4,,groupby,G1_1e8_1e2_5_0,1717866269.08031,start,,
ip-172-31-31-147,1717788597,dplyr,1.1.4,,groupby,G1_1e8_1e2_5_0,1717868313.32065,finish,16,0
ip-172-31-31-147,1717788597,dplyr,1.1.4,,groupby,G1_1e9_1e2_0_0,1717868328.33576,start,,
ip-172-31-31-147,1717788597,dplyr,1.1.4,,groupby,G1_1e9_1e2_0_0,1717873234.84006,finish,13,137
ip-172-31-31-147,1717788597,dplyr,1.1.4,,groupby,G1_1e9_1e1_0_0,1717873249.85512,start,,
ip-172-31-31-147,1717788597,dplyr,1.1.4,,groupby,G1_1e9_1e1_0_0,1717884054.95631,finish,12,137
ip-172-31-31-147,1717788597,dplyr,1.1.4,,groupby,G1_1e9_2e0_0_0,1717884069.97155,start,,
ip-172-31-31-147,1717788597,dplyr,1.1.4,,groupby,G1_1e9_2e0_0_0,1717889185.616,finish,5,137
ip-172-31-31-147,1717788597,dplyr,1.1.4,,groupby,G1_1e9_1e2_0_1,1717889200.63107,start,,
ip-172-31-31-147,1717788597,dplyr,1.1.4,,groupby,G1_1e9_1e2_0_1,1717900020.73075,finish,14,137
ip-172-31-31-147,1717788597,dplyr,1.1.4,,groupby,G1_1e9_1e2_5_0,1717900035.74583,start,,
ip-172-31-31-147,1717788597,dplyr,1.1.4,,groupby,G1_1e9_1e2_5_0,1717905459.12355,finish,13,137
ip-172-31-31-147,1717788597,dplyr,1.1.4,,join,J1_1e7_NA_0_0,1717905474.13881,start,,
ip-172-31-31-147,1717788597,dplyr,1.1.4,,join,J1_1e7_NA_0_0,1717905591.86777,finish,0,0
ip-172-31-31-147,1717788597,dplyr,1.1.4,,join,J1_1e7_NA_5_0,1717905606.88301,start,,
ip-172-31-31-147,1717788597,dplyr,1.1.4,,join,J1_1e7_NA_5_0,1717905721.60067,finish,0,0
ip-172-31-31-147,1717788597,dplyr,1.1.4,,join,J1_1e7_NA_0_1,1717905736.61593,start,,
ip-172-31-31-147,1717788597,dplyr,1.1.4,,join,J1_1e7_NA_0_1,1717905845.27311,finish,0,0
ip-172-31-31-147,1717788597,dplyr,1.1.4,,join,J1_1e8_NA_0_0,1717905860.28822,start,,
ip-172-31-31-147,1717788597,dplyr,1.1.4,,join,J1_1e8_NA_0_0,1717907241.66404,finish,0,0
ip-172-31-31-147,1717788597,dplyr,1.1.4,,join,J1_1e8_NA_5_0,1717907256.67915,start,,
ip-172-31-31-147,1717788597,dplyr,1.1.4,,join,J1_1e8_NA_5_0,1717908665.27131,finish,0,0
ip-172-31-31-147,1717788597,dplyr,1.1.4,,join,J1_1e8_NA_0_1,1717908680.2866,start,,
ip-172-31-31-147,1717788597,dplyr,1.1.4,,join,J1_1e8_NA_0_1,1717909970.60186,finish,0,0
ip-172-31-31-147,1717788597,pandas,2.2.2,d9cdd2ee5a58015ef6f4d15c7226110c9aab8140,groupby,G1_1e7_1e2_0_0,1717909985.6171,start,,
ip-172-31-31-147,1717788597,pandas,2.2.2,d9cdd2ee5a58015ef6f4d15c7226110c9aab8140,groupby,G1_1e7_1e2_0_0,1717910013.0276,finish,4,0
ip-172-31-31-147,1717788597,pandas,2.2.2,d9cdd2ee5a58015ef6f4d15c7226110c9aab8140,groupby,G1_1e7_1e1_0_0,1717910028.04285,start,,
ip-172-31-31-147,1717788597,pandas,2.2.2,d9cdd2ee5a58015ef6f4d15c7226110c9aab8140,groupby,G1_1e7_1e1_0_0,1717910057.59638,finish,4,0
ip-172-31-31-147,1717788597,pandas,2.2.2,d9cdd2ee5a58015ef6f4d15c7226110c9aab8140,groupby,G1_1e7_2e0_0_0,1717910072.61148,start,,
ip-172-31-31-147,1717788597,pandas,2.2.2,d9cdd2ee5a58015ef6f4d15c7226110c9aab8140,groupby,G1_1e7_2e0_0_0,1717910141.13467,finish,4,0
ip-172-31-31-147,1717788597,pandas,2.2.2,d9cdd2ee5a58015ef6f4d15c7226110c9aab8140,groupby,G1_1e7_1e2_0_1,1717910156.14979,start,,
ip-172-31-31-147,1717788597,pandas,2.2.2,d9cdd2ee5a58015ef6f4d15c7226110c9aab8140,groupby,G1_1e7_1e2_0_1,1717910182.67672,finish,4,0
ip-172-31-31-147,1717788597,pandas,2.2.2,d9cdd2ee5a58015ef6f4d15c7226110c9aab8140,groupby,G1_1e7_1e2_5_0,1717910197.69182,start,,
ip-172-31-31-147,1717788597,pandas,2.2.2,d9cdd2ee5a58015ef6f4d15c7226110c9aab8140,groupby,G1_1e7_1e2_5_0,1717910198.12721,finish,1,0
ip-172-31-31-147,1717788597,pandas,2.2.2,d9cdd2ee5a58015ef6f4d15c7226110c9aab8140,groupby,G1_1e8_1e2_0_0,1717910213.14247,start,,
ip-172-31-31-147,1717788597,pandas,2.2.2,d9cdd2ee5a58015ef6f4d15c7226110c9aab8140,groupby,G1_1e8_1e2_0_0,1717910569.15487,finish,4,0
ip-172-31-31-147,1717788597,pandas,2.2.2,d9cdd2ee5a58015ef6f4d15c7226110c9aab8140,groupby,G1_1e8_1e1_0_0,1717910584.17013,start,,
ip-172-31-31-147,1717788597,pandas,2.2.2,d9cdd2ee5a58015ef6f4d15c7226110c9aab8140,groupby,G1_1e8_1e1_0_0,1717911012.81091,finish,4,0
ip-172-31-31-147,1717788597,pandas,2.2.2,d9cdd2ee5a58015ef6f4d15c7226110c9aab8140,groupby,G1_1e8_2e0_0_0,1717911027.82616,start,,
ip-172-31-31-147,1717788597,pandas,2.2.2,d9cdd2ee5a58015ef6f4d15c7226110c9aab8140,groupby,G1_1e8_2e0_0_0,1717911880.06876,finish,4,0
ip-172-31-31-147,1717788597,pandas,2.2.2,d9cdd2ee5a58015ef6f4d15c7226110c9aab8140,groupby,G1_1e8_1e2_0_1,1717911895.08398,start,,
ip-172-31-31-147,1717788597,pandas,2.2.2,d9cdd2ee5a58015ef6f4d15c7226110c9aab8140,groupby,G1_1e8_1e2_0_1,1717912209.14819,finish,4,0
ip-172-31-31-147,1717788597,pandas,2.2.2,d9cdd2ee5a58015ef6f4d15c7226110c9aab8140,groupby,G1_1e8_1e2_5_0,1717912224.16343,start,,
ip-172-31-31-147,1717788597,pandas,2.2.2,d9cdd2ee5a58015ef6f4d15c7226110c9aab8140,groupby,G1_1e8_1e2_5_0,1717912224.60625,finish,1,0
ip-172-31-31-147,1717788597,pandas,2.2.2,d9cdd2ee5a58015ef6f4d15c7226110c9aab8140,groupby,G1_1e9_1e2_0_0,1717912239.62038,start,,
ip-172-31-31-147,1717788597,pandas,2.2.2,d9cdd2ee5a58015ef6f4d15c7226110c9aab8140,groupby,G1_1e9_1e2_0_0,1717920494.6009,finish,4,0
ip-172-31-31-147,1717788597,pandas,2.2.2,d9cdd2ee5a58015ef6f4d15c7226110c9aab8140,groupby,G1_1e9_1e1_0_0,1717920509.616,start,,
ip-172-31-31-147,1717788597,pandas,2.2.2,d9cdd2ee5a58015ef6f4d15c7226110c9aab8140,groupby,G1_1e9_1e1_0_0,1717930081.82413,finish,4,0
ip-172-31-31-147,1717788597,pandas,2.2.2,d9cdd2ee5a58015ef6f4d15c7226110c9aab8140,groupby,G1_1e9_2e0_0_0,1717930096.83924,start,,
ip-172-31-31-147,1717788597,pandas,2.2.2,d9cdd2ee5a58015ef6f4d15c7226110c9aab8140,groupby,G1_1e9_2e0_0_0,1717940916.86752,finish,5,0
ip-172-31-31-147,1717788597,pandas,2.2.2,d9cdd2ee5a58015ef6f4d15c7226110c9aab8140,groupby,G1_1e9_1e2_0_1,1717940931.88256,start,,
ip-172-31-31-147,1717788597,pandas,2.2.2,d9cdd2ee5a58015ef6f4d15c7226110c9aab8140,groupby,G1_1e9_1e2_0_1,1717946157.31707,finish,4,0
ip-172-31-31-147,1717788597,pandas,2.2.2,d9cdd2ee5a58015ef6f4d15c7226110c9aab8140,groupby,G1_1e9_1e2_5_0,1717946172.33231,start,,
ip-172-31-31-147,1717788597,pandas,2.2.2,d9cdd2ee5a58015ef6f4d15c7226110c9aab8140,groupby,G1_1e9_1e2_5_0,1717946173.12136,finish,1,0
ip-172-31-31-147,1717788597,pandas,2.2.2,d9cdd2ee5a58015ef6f4d15c7226110c9aab8140,join,J1_1e7_NA_0_0,1717946188.1366,start,,
ip-172-31-31-147,1717788597,pandas,2.2.2,d9cdd2ee5a58015ef6f4d15c7226110c9aab8140,join,J1_1e7_NA_0_0,1717946232.47189,finish,0,0
ip-172-31-31-147,1717788597,pandas,2.2.2,d9cdd2ee5a58015ef6f4d15c7226110c9aab8140,join,J1_1e7_NA_5_0,1717946247.48698,start,,
ip-172-31-31-147,1717788597,pandas,2.2.2,d9cdd2ee5a58015ef6f4d15c7226110c9aab8140,join,J1_1e7_NA_5_0,1717946292.08713,finish,0,0
ip-172-31-31-147,1717788597,pandas,2.2.2,d9cdd2ee5a58015ef6f4d15c7226110c9aab8140,join,J1_1e7_NA_0_1,1717946307.10236,start,,
ip-172-31-31-147,1717788597,pandas,2.2.2,d9cdd2ee5a58015ef6f4d15c7226110c9aab8140,join,J1_1e7_NA_0_1,1717946342.43308,finish,0,0
ip-172-31-31-147,1717788597,pandas,2.2.2,d9cdd2ee5a58015ef6f4d15c7226110c9aab8140,join,J1_1e8_NA_0_0,1717946357.44817,start,,
ip-172-31-31-147,1717788597,pandas,2.2.2,d9cdd2ee5a58015ef6f4d15c7226110c9aab8140,join,J1_1e8_NA_0_0,1717946940.0904,finish,0,0
ip-172-31-31-147,1717788597,pandas,2.2.2,d9cdd2ee5a58015ef6f4d15c7226110c9aab8140,join,J1_1e8_NA_5_0,1717946955.10563,start,,
ip-172-31-31-147,1717788597,pandas,2.2.2,d9cdd2ee5a58015ef6f4d15c7226110c9aab8140,join,J1_1e8_NA_5_0,1717947558.46746,finish,0,0
ip-172-31-31-147,1717788597,pandas,2.2.2,d9cdd2ee5a58015ef6f4d15c7226110c9aab8140,join,J1_1e8_NA_0_1,1717947573.48271,start,,
ip-172-31-31-147,1717788597,pandas,2.2.2,d9cdd2ee5a58015ef6f4d15c7226110c9aab8140,join,J1_1e8_NA_0_1,1717948024.54406,finish,0,0
ip-172-31-31-147,1717788597,pydatatable,1.2.0a0,b1a87103c55433dc2069df28a460f3ad15450025,groupby,G1_1e7_1e2_0_0,1717948039.55915,start,,
ip-172-31-31-147,1717788597,pydatatable,1.2.0a0,b1a87103c55433dc2069df28a460f3ad15450025,groupby,G1_1e7_1e2_0_0,1717948207.3029,finish,0,0
ip-172-31-31-147,1717788597,pydatatable,1.2.0a0,b1a87103c55433dc2069df28a460f3ad15450025,groupby,G1_1e7_1e1_0_0,1717948222.31814,start,,
ip-172-31-31-147,1717788597,pydatatable,1.2.0a0,b1a87103c55433dc2069df28a460f3ad15450025,groupby,G1_1e7_1e1_0_0,1717948350.18041,finish,0,0
ip-172-31-31-147,1717788597,pydatatable,1.2.0a0,b1a87103c55433dc2069df28a460f3ad15450025,groupby,G1_1e7_2e0_0_0,1717948365.19551,start,,
ip-172-31-31-147,1717788597,pydatatable,1.2.0a0,b1a87103c55433dc2069df28a460f3ad15450025,groupby,G1_1e7_2e0_0_0,1717948568.32122,finish,0,0
ip-172-31-31-147,1717788597,pydatatable,1.2.0a0,b1a87103c55433dc2069df28a460f3ad15450025,groupby,G1_1e7_1e2_0_1,1717948583.3363,start,,
ip-172-31-31-147,1717788597,pydatatable,1.2.0a0,b1a87103c55433dc2069df28a460f3ad15450025,groupby,G1_1e7_1e2_0_1,1717948756.61496,finish,0,0
ip-172-31-31-147,1717788597,pydatatable,1.2.0a0,b1a87103c55433dc2069df28a460f3ad15450025,groupby,G1_1e7_1e2_5_0,1717948771.63008,start,,
ip-172-31-31-147,1717788597,pydatatable,1.2.0a0,b1a87103c55433dc2069df28a460f3ad15450025,groupby,G1_1e7_1e2_5_0,1717949095.86659,finish,0,0
ip-172-31-31-147,1717788597,pydatatable,1.2.0a0,b1a87103c55433dc2069df28a460f3ad15450025,groupby,G1_1e8_1e2_0_0,1717949110.88182,start,,
ip-172-31-31-147,1717788597,pydatatable,1.2.0a0,b1a87103c55433dc2069df28a460f3ad15450025,groupby,G1_1e8_1e2_0_0,1717950584.2113,finish,0,0
ip-172-31-31-147,1717788597,pydatatable,1.2.0a0,b1a87103c55433dc2069df28a460f3ad15450025,groupby,G1_1e8_1e1_0_0,1717950599.22657,start,,
ip-172-31-31-147,1717788597,pydatatable,1.2.0a0,b1a87103c55433dc2069df28a460f3ad15450025,groupby,G1_1e8_1e1_0_0,1717952238.91491,finish,0,0
ip-172-31-31-147,1717788597,pydatatable,1.2.0a0,b1a87103c55433dc2069df28a460f3ad15450025,groupby,G1_1e8_2e0_0_0,1717952253.93015,start,,
ip-172-31-31-147,1717788597,pydatatable,1.2.0a0,b1a87103c55433dc2069df28a460f3ad15450025,groupby,G1_1e8_2e0_0_0,1717953280.08241,finish,0,0
ip-172-31-31-147,1717788597,pydatatable,1.2.0a0,b1a87103c55433dc2069df28a460f3ad15450025,groupby,G1_1e8_1e2_0_1,1717953295.09764,start,,
ip-172-31-31-147,1717788597,pydatatable,1.2.0a0,b1a87103c55433dc2069df28a460f3ad15450025,groupby,G1_1e8_1e2_0_1,1717954720.69389,finish,0,0
ip-172-31-31-147,1717788597,pydatatable,1.2.0a0,b1a87103c55433dc2069df28a460f3ad15450025,groupby,G1_1e8_1e2_5_0,1717954735.70914,start,,
ip-172-31-31-147,1717788597,pydatatable,1.2.0a0,b1a87103c55433dc2069df28a460f3ad15450025,groupby,G1_1e8_1e2_5_0,1717956466.27087,finish,0,0
ip-172-31-31-147,1717788597,pydatatable,1.2.0a0,b1a87103c55433dc2069df28a460f3ad15450025,groupby,G1_1e9_1e2_0_0,1717956481.28611,start,,
ip-172-31-31-147,1717788597,pydatatable,1.2.0a0,b1a87103c55433dc2069df28a460f3ad15450025,groupby,G1_1e9_1e2_0_0,1717967288.49359,finish,5,0
ip-172-31-31-147,1717788597,pydatatable,1.2.0a0,b1a87103c55433dc2069df28a460f3ad15450025,groupby,G1_1e9_1e1_0_0,1717967303.50881,start,,
ip-172-31-31-147,1717788597,pydatatable,1.2.0a0,b1a87103c55433dc2069df28a460f3ad15450025,groupby,G1_1e9_1e1_0_0,1717978111.24407,finish,5,0
ip-172-31-31-147,1717788597,pydatatable,1.2.0a0,b1a87103c55433dc2069df28a460f3ad15450025,groupby,G1_1e9_2e0_0_0,1717978126.25916,start,,
ip-172-31-31-147,1717788597,pydatatable,1.2.0a0,b1a87103c55433dc2069df28a460f3ad15450025,groupby,G1_1e9_2e0_0_0,1717988933.40504,finish,5,0
ip-172-31-31-147,1717788597,pydatatable,1.2.0a0,b1a87103c55433dc2069df28a460f3ad15450025,groupby,G1_1e9_1e2_0_1,1717988948.42028,start,,
ip-172-31-31-147,1717788597,pydatatable,1.2.0a0,b1a87103c55433dc2069df28a460f3ad15450025,groupby,G1_1e9_1e2_0_1,1717999758.02057,finish,5,0
ip-172-31-31-147,1717788597,pydatatable,1.2.0a0,b1a87103c55433dc2069df28a460f3ad15450025,groupby,G1_1e9_1e2_5_0,1717999773.03576,start,,
ip-172-31-31-147,1717788597,pydatatable,1.2.0a0,b1a87103c55433dc2069df28a460f3ad15450025,groupby,G1_1e9_1e2_5_0,1717999773.2607,finish,1,0
ip-172-31-31-147,1717788597,pydatatable,1.2.0a0,b1a87103c55433dc2069df28a460f3ad15450025,join,J1_1e7_NA_0_0,1717999788.27595,start,,
ip-172-31-31-147,1717788597,pydatatable,1.2.0a0,b1a87103c55433dc2069df28a460f3ad15450025,join,J1_1e7_NA_0_0,1718000350.14194,finish,0,0
ip-172-31-31-147,1717788597,pydatatable,1.2.0a0,b1a87103c55433dc2069df28a460f3ad15450025,join,J1_1e7_NA_5_0,1718000365.15718,start,,
ip-172-31-31-147,1717788597,pydatatable,1.2.0a0,b1a87103c55433dc2069df28a460f3ad15450025,join,J1_1e7_NA_5_0,1718000784.44113,finish,0,0
ip-172-31-31-147,1717788597,pydatatable,1.2.0a0,b1a87103c55433dc2069df28a460f3ad15450025,join,J1_1e7_NA_0_1,1718000799.45636,start,,
ip-172-31-31-147,1717788597,pydatatable,1.2.0a0,b1a87103c55433dc2069df28a460f3ad15450025,join,J1_1e7_NA_0_1,1718001702.81919,finish,0,0
ip-172-31-31-147,1717788597,pydatatable,1.2.0a0,b1a87103c55433dc2069df28a460f3ad15450025,join,J1_1e8_NA_0_0,1718001717.83448,start,,
ip-172-31-31-147,1717788597,pydatatable,1.2.0a0,b1a87103c55433dc2069df28a460f3ad15450025,join,J1_1e8_NA_0_0,1718005096.09821,finish,4,2
ip-172-31-31-147,1717788597,pydatatable,1.2.0a0,b1a87103c55433dc2069df28a460f3ad15450025,join,J1_1e8_NA_5_0,1718005111.11344,start,,
ip-172-31-31-147,1717788597,pydatatable,1.2.0a0,b1a87103c55433dc2069df28a460f3ad15450025,join,J1_1e8_NA_5_0,1718013688.8472,finish,0,0
ip-172-31-31-147,1717788597,pydatatable,1.2.0a0,b1a87103c55433dc2069df28a460f3ad15450025,join,J1_1e8_NA_0_1,1718013703.86251,start,,
ip-172-31-31-147,1717788597,pydatatable,1.2.0a0,b1a87103c55433dc2069df28a460f3ad15450025,join,J1_1e8_NA_0_1,1718015414.33507,finish,4,2
ip-172-31-31-147,1717788597,spark,3.5.1,,groupby,G1_1e7_1e2_0_0,1718015429.35018,start,,
ip-172-31-31-147,1717788597,spark,3.5.1,,groupby,G1_1e7_1e2_0_0,1718015477.6976,finish,3,0
ip-172-31-31-147,1717788597,spark,3.5.1,,groupby,G1_1e7_1e1_0_0,1718015492.71291,start,,
ip-172-31-31-147,1717788597,spark,3.5.1,,groupby,G1_1e7_1e1_0_0,1718015537.82362,finish,3,0
ip-172-31-31-147,1717788597,spark,3.5.1,,groupby,G1_1e7_2e0_0_0,1718015552.83893,start,,
ip-172-31-31-147,1717788597,spark,3.5.1,,groupby,G1_1e7_2e0_0_0,1718015597.58267,finish,3,0
ip-172-31-31-147,1717788597,spark,3.5.1,,groupby,G1_1e7_1e2_0_1,1718015612.59793,start,,
ip-172-31-31-147,1717788597,spark,3.5.1,,groupby,G1_1e7_1e2_0_1,1718015655.71385,finish,3,0
ip-172-31-31-147,1717788597,spark,3.5.1,,groupby,G1_1e7_1e2_5_0,1718015670.7292,start,,
ip-172-31-31-147,1717788597,spark,3.5.1,,groupby,G1_1e7_1e2_5_0,1718015715.95714,finish,3,0
ip-172-31-31-147,1717788597,spark,3.5.1,,groupby,G1_1e8_1e2_0_0,1718015730.97239,start,,
ip-172-31-31-147,1717788597,spark,3.5.1,,groupby,G1_1e8_1e2_0_0,1718015832.14757,finish,3,0
ip-172-31-31-147,1717788597,spark,3.5.1,,groupby,G1_1e8_1e1_0_0,1718015847.16287,start,,
ip-172-31-31-147,1717788597,spark,3.5.1,,groupby,G1_1e8_1e1_0_0,1718015956.57541,finish,3,0
ip-172-31-31-147,1717788597,spark,3.5.1,,groupby,G1_1e8_2e0_0_0,1718015971.59053,start,,
ip-172-31-31-147,1717788597,spark,3.5.1,,groupby,G1_1e8_2e0_0_0,1718016080.41566,finish,3,0
ip-172-31-31-147,1717788597,spark,3.5.1,,groupby,G1_1e8_1e2_0_1,1718016095.43095,start,,
ip-172-31-31-147,1717788597,spark,3.5.1,,groupby,G1_1e8_1e2_0_1,1718016210.6292,finish,3,0
ip-172-31-31-147,1717788597,spark,3.5.1,,groupby,G1_1e8_1e2_5_0,1718016225.64442,start,,
ip-172-31-31-147,1717788597,spark,3.5.1,,groupby,G1_1e8_1e2_5_0,1718016365.98947,finish,3,0
ip-172-31-31-147,1717788597,spark,3.5.1,,groupby,G1_1e9_1e2_0_0,1718016381.00465,start,,
ip-172-31-31-147,1717788597,spark,3.5.1,,groupby,G1_1e9_1e2_0_0,1718018478.12942,finish,3,0
ip-172-31-31-147,1717788597,spark,3.5.1,,groupby,G1_1e9_1e1_0_0,1718018493.14472,start,,
ip-172-31-31-147,1717788597,spark,3.5.1,,groupby,G1_1e9_1e1_0_0,1718020368.26047,finish,3,0
ip-172-31-31-147,1717788597,spark,3.5.1,,groupby,G1_1e9_2e0_0_0,1718020383.27605,start,,
ip-172-31-31-147,1717788597,spark,3.5.1,,groupby,G1_1e9_2e0_0_0,1718022646.53576,finish,3,0
ip-172-31-31-147,1717788597,spark,3.5.1,,groupby,G1_1e9_1e2_0_1,1718022661.55103,start,,
ip-172-31-31-147,1717788597,spark,3.5.1,,groupby,G1_1e9_1e2_0_1,1718024061.57063,finish,31,0
ip-172-31-31-147,1717788597,spark,3.5.1,,groupby,G1_1e9_1e2_5_0,1718024076.58591,start,,
ip-172-31-31-147,1717788597,spark,3.5.1,,groupby,G1_1e9_1e2_5_0,1718026317.87964,finish,3,0
ip-172-31-31-147,1717788597,spark,3.5.1,,join,J1_1e7_NA_0_0,1718026332.89493,start,,
ip-172-31-31-147,1717788597,spark,3.5.1,,join,J1_1e7_NA_0_0,1718026374.32321,finish,3,0
ip-172-31-31-147,1717788597,spark,3.5.1,,join,J1_1e7_NA_5_0,1718026389.33851,start,,
ip-172-31-31-147,1717788597,spark,3.5.1,,join,J1_1e7_NA_5_0,1718026428.50076,finish,3,0
ip-172-31-31-147,1717788597,spark,3.5.1,,join,J1_1e7_NA_0_1,1718026443.51611,start,,
ip-172-31-31-147,1717788597,spark,3.5.1,,join,J1_1e7_NA_0_1,1718026482.67393,finish,3,0
ip-172-31-31-147,1717788597,spark,3.5.1,,join,J1_1e8_NA_0_0,1718026497.68925,start,,
ip-172-31-31-147,1717788597,spark,3.5.1,,join,J1_1e8_NA_0_0,1718026696.57572,finish,3,0
ip-172-31-31-147,1717788597,spark,3.5.1,,join,J1_1e8_NA_5_0,1718026711.59102,start,,
ip-172-31-31-147,1717788597,spark,3.5.1,,join,J1_1e8_NA_5_0,1718026915.38618,finish,3,0
ip-172-31-31-147,1717788597,spark,3.5.1,,join,J1_1e8_NA_0_1,1718026930.40145,start,,
ip-172-31-31-147,1717788597,spark,3.5.1,,join,J1_1e8_NA_0_1,1718027084.28275,finish,3,0
ip-172-31-31-147,1717788597,dask,2024.5.2,05a04aafa0cab80b3287b59a9358f16919202db1,groupby,G1_1e7_1e2_0_0,1718027099.29791,start,,
ip-172-31-31-147,1717788597,dask,2024.5.2,05a04aafa0cab80b3287b59a9358f16919202db1,groupby,G1_1e7_1e2_0_0,1718027137.76149,finish,20,1
ip-172-31-31-147,1717788597,dask,2024.5.2,05a04aafa0cab80b3287b59a9358f16919202db1,groupby,G1_1e7_1e1_0_0,1718027152.77674,start,,
ip-172-31-31-147,1717788597,dask,2024.5.2,05a04aafa0cab80b3287b59a9358f16919202db1,groupby,G1_1e7_1e1_0_0,1718027412.546,finish,20,1
ip-172-31-31-147,1717788597,dask,2024.5.2,05a04aafa0cab80b3287b59a9358f16919202db1,groupby,G1_1e7_2e0_0_0,1718027427.56109,start,,
ip-172-31-31-147,1717788597,dask,2024.5.2,05a04aafa0cab80b3287b59a9358f16919202db1,groupby,G1_1e7_2e0_0_0,1718028414.75297,finish,20,1
ip-172-31-31-147,1717788597,dask,2024.5.2,05a04aafa0cab80b3287b59a9358f16919202db1,groupby,G1_1e7_1e2_0_1,1718028429.76807,start,,
ip-172-31-31-147,1717788597,dask,2024.5.2,05a04aafa0cab80b3287b59a9358f16919202db1,groupby,G1_1e7_1e2_0_1,1718028466.1189,finish,20,1
ip-172-31-31-147,1717788597,dask,2024.5.2,05a04aafa0cab80b3287b59a9358f16919202db1,groupby,G1_1e7_1e2_5_0,1718028481.13416,start,,
ip-172-31-31-147,1717788597,dask,2024.5.2,05a04aafa0cab80b3287b59a9358f16919202db1,groupby,G1_1e7_1e2_5_0,1718028483.14039,finish,1,0
ip-172-31-31-147,1717788597,dask,2024.5.2,05a04aafa0cab80b3287b59a9358f16919202db1,groupby,G1_1e8_1e2_0_0,1718028498.15562,start,,
ip-172-31-31-147,1717788597,dask,2024.5.2,05a04aafa0cab80b3287b59a9358f16919202db1,groupby,G1_1e8_1e2_0_0,1718028747.03279,finish,20,1
ip-172-31-31-147,1717788597,dask,2024.5.2,05a04aafa0cab80b3287b59a9358f16919202db1,groupby,G1_1e8_1e1_0_0,1718028762.04804,start,,
ip-172-31-31-147,1717788597,dask,2024.5.2,05a04aafa0cab80b3287b59a9358f16919202db1,groupby,G1_1e8_1e1_0_0,1718030350.97561,finish,20,1
ip-172-31-31-147,1717788597,dask,2024.5.2,05a04aafa0cab80b3287b59a9358f16919202db1,groupby,G1_1e8_2e0_0_0,1718030365.99087,start,,
ip-172-31-31-147,1717788597,dask,2024.5.2,05a04aafa0cab80b3287b59a9358f16919202db1,groupby,G1_1e8_2e0_0_0,1718031664.96178,finish,78,1
ip-172-31-31-147,1717788597,dask,2024.5.2,05a04aafa0cab80b3287b59a9358f16919202db1,groupby,G1_1e8_1e2_0_1,1718031679.9769,start,,
ip-172-31-31-147,1717788597,dask,2024.5.2,05a04aafa0cab80b3287b59a9358f16919202db1,groupby,G1_1e8_1e2_0_1,1718031926.03185,finish,20,1
ip-172-31-31-147,1717788597,dask,2024.5.2,05a04aafa0cab80b3287b59a9358f16919202db1,groupby,G1_1e8_1e2_5_0,1718031941.0471,start,,
ip-172-31-31-147,1717788597,dask,2024.5.2,05a04aafa0cab80b3287b59a9358f16919202db1,groupby,G1_1e8_1e2_5_0,1718031943.15158,finish,1,0
ip-172-31-31-147,1717788597,dask,2024.5.2,05a04aafa0cab80b3287b59a9358f16919202db1,groupby,G1_1e9_1e2_0_0,1718031958.16682,start,,
ip-172-31-31-147,1717788597,dask,2024.5.2,05a04aafa0cab80b3287b59a9358f16919202db1,groupby,G1_1e9_1e2_0_0,1718033670.5812,finish,579027,1
ip-172-31-31-147,1717788597,dask,2024.5.2,05a04aafa0cab80b3287b59a9358f16919202db1,groupby,G1_1e9_1e1_0_0,1718033685.59639,start,,
ip-172-31-31-147,1717788597,dask,2024.5.2,05a04aafa0cab80b3287b59a9358f16919202db1,groupby,G1_1e9_1e1_0_0,1718035419.95266,finish,263105,1
ip-172-31-31-147,1717788597,dask,2024.5.2,05a04aafa0cab80b3287b59a9358f16919202db1,groupby,G1_1e9_2e0_0_0,1718035434.96765,start,,
ip-172-31-31-147,1717788597,dask,2024.5.2,05a04aafa0cab80b3287b59a9358f16919202db1,groupby,G1_1e9_2e0_0_0,1718038846.35678,finish,2679672,1
ip-172-31-31-147,1717788597,dask,2024.5.2,05a04aafa0cab80b3287b59a9358f16919202db1,groupby,G1_1e9_1e2_0_1,1718038861.37188,start,,
ip-172-31-31-147,1717788597,dask,2024.5.2,05a04aafa0cab80b3287b59a9358f16919202db1,groupby,G1_1e9_1e2_0_1,1718040518.6497,finish,560055,1
ip-172-31-31-147,1717788597,dask,2024.5.2,05a04aafa0cab80b3287b59a9358f16919202db1,groupby,G1_1e9_1e2_5_0,1718040533.66468,start,,
ip-172-31-31-147,1717788597,dask,2024.5.2,05a04aafa0cab80b3287b59a9358f16919202db1,groupby,G1_1e9_1e2_5_0,1718040537.1952,finish,3,0
ip-172-31-31-147,1717788597,dask,2024.5.2,05a04aafa0cab80b3287b59a9358f16919202db1,join,J1_1e7_NA_0_0,1718040552.21053,start,,
ip-172-31-31-147,1717788597,dask,2024.5.2,05a04aafa0cab80b3287b59a9358f16919202db1,join,J1_1e7_NA_0_0,1718040614.50505,finish,0,0
ip-172-31-31-147,1717788597,dask,2024.5.2,05a04aafa0cab80b3287b59a9358f16919202db1,join,J1_1e7_NA_5_0,1718040629.52014,start,,
ip-172-31-31-147,1717788597,dask,2024.5.2,05a04aafa0cab80b3287b59a9358f16919202db1,join,J1_1e7_NA_5_0,1718040630.22843,finish,1,0
ip-172-31-31-147,1717788597,dask,2024.5.2,05a04aafa0cab80b3287b59a9358f16919202db1,join,J1_1e7_NA_0_1,1718040645.24354,start,,
ip-172-31-31-147,1717788597,dask,2024.5.2,05a04aafa0cab80b3287b59a9358f16919202db1,join,J1_1e7_NA_0_1,1718040645.95059,finish,1,0
ip-172-31-31-147,1717788597,dask,2024.5.2,05a04aafa0cab80b3287b59a9358f16919202db1,join,J1_1e8_NA_0_0,1718040660.96582,start,,
ip-172-31-31-147,1717788597,dask,2024.5.2,05a04aafa0cab80b3287b59a9358f16919202db1,join,J1_1e8_NA_0_0,1718041492.18953,finish,0,0
ip-172-31-31-147,1717788597,dask,2024.5.2,05a04aafa0cab80b3287b59a9358f16919202db1,join,J1_1e8_NA_5_0,1718041507.20475,start,,
ip-172-31-31-147,1717788597,dask,2024.5.2,05a04aafa0cab80b3287b59a9358f16919202db1,join,J1_1e8_NA_5_0,1718041507.91661,finish,1,0
ip-172-31-31-147,1717788597,dask,2024.5.2,05a04aafa0cab80b3287b59a9358f16919202db1,join,J1_1e8_NA_0_1,1718041522.93184,start,,
ip-172-31-31-147,1717788597,dask,2024.5.2,05a04aafa0cab80b3287b59a9358f16919202db1,join,J1_1e8_NA_0_1,1718041523.63845,finish,1,0
ip-172-31-31-147,1717788597,clickhouse,24.5.1.1763,,groupby,G1_1e7_1e2_0_0,1718041538.65367,start,,
ip-172-31-31-147,1717788597,clickhouse,24.5.1.1763,,groupby,G1_1e7_1e2_0_0,1718041686.97722,finish,0,0
ip-172-31-31-147,1717788597,clickhouse,24.5.1.1763,,groupby,G1_1e7_1e1_0_0,1718041701.99247,start,,
ip-172-31-31-147,1717788597,clickhouse,24.5.1.1763,,groupby,G1_1e7_1e1_0_0,1718041847.88168,finish,0,0
ip-172-31-31-147,1717788597,clickhouse,24.5.1.1763,,groupby,G1_1e7_2e0_0_0,1718041862.89692,start,,
ip-172-31-31-147,1717788597,clickhouse,24.5.1.1763,,groupby,G1_1e7_2e0_0_0,1718042009.52642,finish,0,0
ip-172-31-31-147,1717788597,clickhouse,24.5.1.1763,,groupby,G1_1e7_1e2_0_1,1718042024.54154,start,,
ip-172-31-31-147,1717788597,clickhouse,24.5.1.1763,,groupby,G1_1e7_1e2_0_1,1718042170.43025,finish,0,0
ip-172-31-31-147,1717788597,clickhouse,24.5.1.1763,,groupby,G1_1e7_1e2_5_0,1718042185.44551,start,,
ip-172-31-31-147,1717788597,clickhouse,24.5.1.1763,,groupby,G1_1e7_1e2_5_0,1718042332.07693,finish,0,0
ip-172-31-31-147,1717788597,clickhouse,24.5.1.1763,,groupby,G1_1e8_1e2_0_0,1718042347.09218,start,,
ip-172-31-31-147,1717788597,clickhouse,24.5.1.1763,,groupby,G1_1e8_1e2_0_0,1718042517.1975,finish,0,0
ip-172-31-31-147,1717788597,clickhouse,24.5.1.1763,,groupby,G1_1e8_1e1_0_0,1718042532.21276,start,,
ip-172-31-31-147,1717788597,clickhouse,24.5.1.1763,,groupby,G1_1e8_1e1_0_0,1718042703.33204,finish,0,0
ip-172-31-31-147,1717788597,clickhouse,24.5.1.1763,,groupby,G1_1e8_2e0_0_0,1718042718.34714,start,,
ip-172-31-31-147,1717788597,clickhouse,24.5.1.1763,,groupby,G1_1e8_2e0_0_0,1718042890.69716,finish,0,0
ip-172-31-31-147,1717788597,clickhouse,24.5.1.1763,,groupby,G1_1e8_1e2_0_1,1718042905.71243,start,,
ip-172-31-31-147,1717788597,clickhouse,24.5.1.1763,,groupby,G1_1e8_1e2_0_1,1718043074.7778,finish,0,0
ip-172-31-31-147,1717788597,clickhouse,24.5.1.1763,,groupby,G1_1e8_1e2_5_0,1718043089.79306,start,,
ip-172-31-31-147,1717788597,clickhouse,24.5.1.1763,,groupby,G1_1e8_1e2_5_0,1718043262.8712,finish,0,0
ip-172-31-31-147,1717788597,clickhouse,24.5.1.1763,,groupby,G1_1e9_1e2_0_0,1718043277.88652,start,,
ip-172-31-31-147,1717788597,clickhouse,24.5.1.1763,,groupby,G1_1e9_1e2_0_0,1718044117.67091,finish,0,0
ip-172-31-31-147,1717788597,clickhouse,24.5.1.1763,,groupby,G1_1e9_1e1_0_0,1718044132.68595,start,,
ip-172-31-31-147,1717788597,clickhouse,24.5.1.1763,,groupby,G1_1e9_1e1_0_0,1718044988.29408,finish,0,0
ip-172-31-31-147,1717788597,clickhouse,24.5.1.1763,,groupby,G1_1e9_2e0_0_0,1718045003.3093,start,,
ip-172-31-31-147,1717788597,clickhouse,24.5.1.1763,,groupby,G1_1e9_2e0_0_0,1718045834.08247,finish,0,0
ip-172-31-31-147,1717788597,clickhouse,24.5.1.1763,,groupby,G1_1e9_1e2_0_1,1718045849.09773,start,,
ip-172-31-31-147,1717788597,clickhouse,24.5.1.1763,,groupby,G1_1e9_1e2_0_1,1718046556.71866,finish,0,0
ip-172-31-31-147,1717788597,clickhouse,24.5.1.1763,,groupby,G1_1e9_1e2_5_0,1718046571.73376,start,,
ip-172-31-31-147,1717788597,clickhouse,24.5.1.1763,,groupby,G1_1e9_1e2_5_0,1718047476.75969,finish,0,0
ip-172-31-31-147,1717788597,clickhouse,24.5.1.1763,,join,J1_1e7_NA_0_0,1718047491.77477,start,,
ip-172-31-31-147,1717788597,clickhouse,24.5.1.1763,,join,J1_1e7_NA_0_0,1718047646.06828,finish,0,0
ip-172-31-31-147,1717788597,clickhouse,24.5.1.1763,,join,J1_1e7_NA_5_0,1718047661.08342,start,,
ip-172-31-31-147,1717788597,clickhouse,24.5.1.1763,,join,J1_1e7_NA_5_0,1718047814.02306,finish,0,0
ip-172-31-31-147,1717788597,clickhouse,24.5.1.1763,,join,J1_1e7_NA_0_1,1718047829.03831,start,,
ip-172-31-31-147,1717788597,clickhouse,24.5.1.1763,,join,J1_1e7_NA_0_1,1718047979.9143,finish,0,0
ip-172-31-31-147,1717788597,clickhouse,24.5.1.1763,,join,J1_1e8_NA_0_0,1718047994.92956,start,,
ip-172-31-31-147,1717788597,clickhouse,24.5.1.1763,,join,J1_1e8_NA_0_0,1718048260.53933,finish,0,0
ip-172-31-31-147,1717788597,clickhouse,24.5.1.1763,,join,J1_1e8_NA_5_0,1718048275.55462,start,,
ip-172-31-31-147,1717788597,clickhouse,24.5.1.1763,,join,J1_1e8_NA_5_0,1718048550.7882,finish,0,0
ip-172-31-31-147,1717788597,clickhouse,24.5.1.1763,,join,J1_1e8_NA_0_1,1718048565.80344,start,,
ip-172-31-31-147,1717788597,clickhouse,24.5.1.1763,,join,J1_1e8_NA_0_1,1718048815.3864,finish,0,0
ip-172-31-31-147,1717788597,polars,0.20.31,,groupby,G1_1e7_1e2_0_0,1718048830.40164,start,,
ip-172-31-31-147,1717788597,polars,0.20.31,,groupby,G1_1e7_1e2_0_0,1718048838.63651,finish,2,0
ip-172-31-31-147,1717788597,polars,0.20.31,,groupby,G1_1e7_1e1_0_0,1718048853.65181,start,,
ip-172-31-31-147,1717788597,polars,0.20.31,,groupby,G1_1e7_1e1_0_0,1718048870.69496,finish,2,0
ip-172-31-31-147,1717788597,polars,0.20.31,,groupby,G1_1e7_2e0_0_0,1718048885.71021,start,,
ip-172-31-31-147,1717788597,polars,0.20.31,,groupby,G1_1e7_2e0_0_0,1718048933.51653,finish,2,0
ip-172-31-31-147,1717788597,polars,0.20.31,,groupby,G1_1e7_1e2_0_1,1718048948.53165,start,,
ip-172-31-31-147,1717788597,polars,0.20.31,,groupby,G1_1e7_1e2_0_1,1718048956.23023,finish,2,0
ip-172-31-31-147,1717788597,polars,0.20.31,,groupby,G1_1e7_1e2_5_0,1718048971.24546,start,,
ip-172-31-31-147,1717788597,polars,0.20.31,,groupby,G1_1e7_1e2_5_0,1718048980.14581,finish,2,0
ip-172-31-31-147,1717788597,polars,0.20.31,,groupby,G1_1e8_1e2_0_0,1718048995.16105,start,,
ip-172-31-31-147,1717788597,polars,0.20.31,,groupby,G1_1e8_1e2_0_0,1718049097.2842,finish,2,0
ip-172-31-31-147,1717788597,polars,0.20.31,,groupby,G1_1e8_1e1_0_0,1718049112.29932,start,,
ip-172-31-31-147,1717788597,polars,0.20.31,,groupby,G1_1e8_1e1_0_0,1718049293.64852,finish,2,0
ip-172-31-31-147,1717788597,polars,0.20.31,,groupby,G1_1e8_2e0_0_0,1718049308.66377,start,,
ip-172-31-31-147,1717788597,polars,0.20.31,,groupby,G1_1e8_2e0_0_0,1718049765.6644,finish,2,0
ip-172-31-31-147,1717788597,polars,0.20.31,,groupby,G1_1e8_1e2_0_1,1718049780.67966,start,,
ip-172-31-31-147,1717788597,polars,0.20.31,,groupby,G1_1e8_1e2_0_1,1718049878.16677,finish,2,0
ip-172-31-31-147,1717788597,polars,0.20.31,,groupby,G1_1e8_1e2_5_0,1718049893.18188,start,,
ip-172-31-31-147,1717788597,polars,0.20.31,,groupby,G1_1e8_1e2_5_0,1718050004.08495,finish,2,0
ip-172-31-31-147,1717788597,polars,0.20.31,,groupby,G1_1e9_1e2_0_0,1718050019.1002,start,,
ip-172-31-31-147,1717788597,polars,0.20.31,,groupby,G1_1e9_1e2_0_0,1718051448.20218,finish,2,0
ip-172-31-31-147,1717788597,polars,0.20.31,,groupby,G1_1e9_1e1_0_0,1718051463.21724,start,,
ip-172-31-31-147,1717788597,polars,0.20.31,,groupby,G1_1e9_1e1_0_0,1718053976.51663,finish,2,0
ip-172-31-31-147,1717788597,polars,0.20.31,,groupby,G1_1e9_2e0_0_0,1718053991.53182,start,,
ip-172-31-31-147,1717788597,polars,0.20.31,,groupby,G1_1e9_2e0_0_0,1718056537.71383,finish,3,137
ip-172-31-31-147,1717788597,polars,0.20.31,,groupby,G1_1e9_1e2_0_1,1718056552.72906,start,,
ip-172-31-31-147,1717788597,polars,0.20.31,,groupby,G1_1e9_1e2_0_1,1718058009.88879,finish,2,0
ip-172-31-31-147,1717788597,polars,0.20.31,,groupby,G1_1e9_1e2_5_0,1718058024.90402,start,,
ip-172-31-31-147,1717788597,polars,0.20.31,,groupby,G1_1e9_1e2_5_0,1718059623.39484,finish,2,0
ip-172-31-31-147,1717788597,polars,0.20.31,,join,J1_1e7_NA_0_0,1718059638.40988,start,,
ip-172-31-31-147,1717788597,polars,0.20.31,,join,J1_1e7_NA_0_0,1718060295.38758,finish,12,0
ip-172-31-31-147,1717788597,polars,0.20.31,,join,J1_1e7_NA_5_0,1718060310.40282,start,,
ip-172-31-31-147,1717788597,polars,0.20.31,,join,J1_1e7_NA_5_0,1718060953.90147,finish,12,0
ip-172-31-31-147,1717788597,polars,0.20.31,,join,J1_1e7_NA_0_1,1718060968.91674,start,,
ip-172-31-31-147,1717788597,polars,0.20.31,,join,J1_1e7_NA_0_1,1718061619.78046,finish,12,0
ip-172-31-31-147,1717788597,polars,0.20.31,,join,J1_1e8_NA_0_0,1718061634.79571,start,,
ip-172-31-31-147,1717788597,polars,0.20.31,,join,J1_1e8_NA_0_0,1718064278.21003,finish,9,137
ip-172-31-31-147,1717788597,polars,0.20.31,,join,J1_1e8_NA_5_0,1718064293.22524,start,,
ip-172-31-31-147,1717788597,polars,0.20.31,,join,J1_1e8_NA_5_0,1718066734.87777,finish,9,137
ip-172-31-31-147,1717788597,polars,0.20.31,,join,J1_1e8_NA_0_1,1718066749.89299,start,,
ip-172-31-31-147,1717788597,polars,0.20.31,,join,J1_1e8_NA_0_1,1718069285.24758,finish,9,137
ip-172-31-31-147,1717788597,R-arrow,16.1.0,,groupby,G1_1e7_1e2_0_0,1718069300.26282,start,,
ip-172-31-31-147,1717788597,R-arrow,16.1.0,,groupby,G1_1e7_1e2_0_0,1718069329.39528,finish,3,0
ip-172-31-31-147,1717788597,R-arrow,16.1.0,,groupby,G1_1e7_1e1_0_0,1718069344.4104,start,,
ip-172-31-31-147,1717788597,R-arrow,16.1.0,,groupby,G1_1e7_1e1_0_0,1718069354.01799,finish,3,0
ip-172-31-31-147,1717788597,R-arrow,16.1.0,,groupby,G1_1e7_2e0_0_0,1718069369.0331,start,,
ip-172-31-31-147,1717788597,R-arrow,16.1.0,,groupby,G1_1e7_2e0_0_0,1718069388.07195,finish,3,0
ip-172-31-31-147,1717788597,R-arrow,16.1.0,,groupby,G1_1e7_1e2_0_1,1718069403.08719,start,,
ip-172-31-31-147,1717788597,R-arrow,16.1.0,,groupby,G1_1e7_1e2_0_1,1718069426.32473,finish,3,0
ip-172-31-31-147,1717788597,R-arrow,16.1.0,,groupby,G1_1e7_1e2_5_0,1718069441.34001,start,,
ip-172-31-31-147,1717788597,R-arrow,16.1.0,,groupby,G1_1e7_1e2_5_0,1718069464.98073,finish,3,0
ip-172-31-31-147,1717788597,R-arrow,16.1.0,,groupby,G1_1e8_1e2_0_0,1718069479.99599,start,,
ip-172-31-31-147,1717788597,R-arrow,16.1.0,,groupby,G1_1e8_1e2_0_0,1718069553.58681,finish,3,0
ip-172-31-31-147,1717788597,R-arrow,16.1.0,,groupby,G1_1e8_1e1_0_0,1718069568.60211,start,,
ip-172-31-31-147,1717788597,R-arrow,16.1.0,,groupby,G1_1e8_1e1_0_0,1718069674.00003,finish,3,0
ip-172-31-31-147,1717788597,R-arrow,16.1.0,,groupby,G1_1e8_2e0_0_0,1718069689.01529,start,,
ip-172-31-31-147,1717788597,R-arrow,16.1.0,,groupby,G1_1e8_2e0_0_0,1718069874.22908,finish,3,0
ip-172-31-31-147,1717788597,R-arrow,16.1.0,,groupby,G1_1e8_1e2_0_1,1718069889.24424,start,,
ip-172-31-31-147,1717788597,R-arrow,16.1.0,,groupby,G1_1e8_1e2_0_1,1718069963.61454,finish,3,0
ip-172-31-31-147,1717788597,R-arrow,16.1.0,,groupby,G1_1e8_1e2_5_0,1718069978.62979,start,,
ip-172-31-31-147,1717788597,R-arrow,16.1.0,,groupby,G1_1e8_1e2_5_0,1718070048.62331,finish,3,0
ip-172-31-31-147,1717788597,R-arrow,16.1.0,,groupby,G1_1e9_1e2_0_0,1718070063.63859,start,,
ip-172-31-31-147,1717788597,R-arrow,16.1.0,,groupby,G1_1e9_1e2_0_0,1718070723.00013,finish,3,0
ip-172-31-31-147,1717788597,R-arrow,16.1.0,,groupby,G1_1e9_1e1_0_0,1718070738.01538,start,,
ip-172-31-31-147,1717788597,R-arrow,16.1.0,,groupby,G1_1e9_1e1_0_0,1718072053.10543,finish,3,0
ip-172-31-31-147,1717788597,R-arrow,16.1.0,,groupby,G1_1e9_2e0_0_0,1718072068.12069,start,,
ip-172-31-31-147,1717788597,R-arrow,16.1.0,,groupby,G1_1e9_2e0_0_0,1718072186.09079,finish,16,1
ip-172-31-31-147,1717788597,R-arrow,16.1.0,,groupby,G1_1e9_1e2_0_1,1718072201.10604,start,,
ip-172-31-31-147,1717788597,R-arrow,16.1.0,,groupby,G1_1e9_1e2_0_1,1718072852.12435,finish,3,0
ip-172-31-31-147,1717788597,R-arrow,16.1.0,,groupby,G1_1e9_1e2_5_0,1718072867.13945,start,,
ip-172-31-31-147,1717788597,R-arrow,16.1.0,,groupby,G1_1e9_1e2_5_0,1718073513.5282,finish,3,0
ip-172-31-31-147,1717788597,R-arrow,16.1.0,,join,J1_1e7_NA_0_0,1718073528.54345,start,,
ip-172-31-31-147,1717788597,R-arrow,16.1.0,,join,J1_1e7_NA_0_0,1718073574.25033,finish,0,0
ip-172-31-31-147,1717788597,R-arrow,16.1.0,,join,J1_1e7_NA_5_0,1718073589.26566,start,,
ip-172-31-31-147,1717788597,R-arrow,16.1.0,,join,J1_1e7_NA_5_0,1718073634.55816,finish,0,0
ip-172-31-31-147,1717788597,R-arrow,16.1.0,,join,J1_1e7_NA_0_1,1718073649.57342,start,,
ip-172-31-31-147,1717788597,R-arrow,16.1.0,,join,J1_1e7_NA_0_1,1718073692.29903,finish,0,0
ip-172-31-31-147,1717788597,R-arrow,16.1.0,,join,J1_1e8_NA_0_0,1718073707.3143,start,,
ip-172-31-31-147,1717788597,R-arrow,16.1.0,,join,J1_1e8_NA_0_0,1718074124.71554,finish,16,1
ip-172-31-31-147,1717788597,R-arrow,16.1.0,,join,J1_1e8_NA_5_0,1718074139.73081,start,,
ip-172-31-31-147,1717788597,R-arrow,16.1.0,,join,J1_1e8_NA_5_0,1718074568.30849,finish,16,1
ip-172-31-31-147,1717788597,R-arrow,16.1.0,,join,J1_1e8_NA_0_1,1718074583.32372,start,,
ip-172-31-31-147,1717788597,R-arrow,16.1.0,,join,J1_1e8_NA_0_1,1718074958.42702,finish,16,1
ip-172-31-31-147,1717788597,duckdb,1.0.0,1f98600c2c,groupby,G1_1e7_1e2_0_0,1718074973.44227,start,,
ip-172-31-31-147,1717788597,duckdb,1.0.0,1f98600c2c,groupby,G1_1e7_1e2_0_0,1718074978.22513,finish,2,0
ip-172-31-31-147,1717788597,duckdb,1.0.0,1f98600c2c,groupby,G1_1e7_1e1_0_0,1718074993.24048,start,,
ip-172-31-31-147,1717788597,duckdb,1.0.0,1f98600c2c,groupby,G1_1e7_1e1_0_0,1718074997.83016,finish,2,0
ip-172-31-31-147,1717788597,duckdb,1.0.0,1f98600c2c,groupby,G1_1e7_2e0_0_0,1718075012.84545,start,,
ip-172-31-31-147,1717788597,duckdb,1.0.0,1f98600c2c,groupby,G1_1e7_2e0_0_0,1718075017.73241,finish,2,0
ip-172-31-31-147,1717788597,duckdb,1.0.0,1f98600c2c,groupby,G1_1e7_1e2_0_1,1718075032.74766,start,,
ip-172-31-31-147,1717788597,duckdb,1.0.0,1f98600c2c,groupby,G1_1e7_1e2_0_1,1718075036.68201,finish,2,0
ip-172-31-31-147,1717788597,duckdb,1.0.0,1f98600c2c,groupby,G1_1e7_1e2_5_0,1718075051.69727,start,,
ip-172-31-31-147,1717788597,duckdb,1.0.0,1f98600c2c,groupby,G1_1e7_1e2_5_0,1718075055.55853,finish,2,0
ip-172-31-31-147,1717788597,duckdb,1.0.0,1f98600c2c,groupby,G1_1e8_1e2_0_0,1718075070.57378,start,,
ip-172-31-31-147,1717788597,duckdb,1.0.0,1f98600c2c,groupby,G1_1e8_1e2_0_0,1718075093.17898,finish,2,0
ip-172-31-31-147,1717788597,duckdb,1.0.0,1f98600c2c,groupby,G1_1e8_1e1_0_0,1718075108.19423,start,,
ip-172-31-31-147,1717788597,duckdb,1.0.0,1f98600c2c,groupby,G1_1e8_1e1_0_0,1718075135.65317,finish,2,0
ip-172-31-31-147,1717788597,duckdb,1.0.0,1f98600c2c,groupby,G1_1e8_2e0_0_0,1718075150.6684,start,,
ip-172-31-31-147,1717788597,duckdb,1.0.0,1f98600c2c,groupby,G1_1e8_2e0_0_0,1718075174.91391,finish,2,0
ip-172-31-31-147,1717788597,duckdb,1.0.0,1f98600c2c,groupby,G1_1e8_1e2_0_1,1718075189.92915,start,,
ip-172-31-31-147,1717788597,duckdb,1.0.0,1f98600c2c,groupby,G1_1e8_1e2_0_1,1718075210.37331,finish,2,0
ip-172-31-31-147,1717788597,duckdb,1.0.0,1f98600c2c,groupby,G1_1e8_1e2_5_0,1718075225.38857,start,,
ip-172-31-31-147,1717788597,duckdb,1.0.0,1f98600c2c,groupby,G1_1e8_1e2_5_0,1718075242.31811,finish,2,0
ip-172-31-31-147,1717788597,duckdb,1.0.0,1f98600c2c,groupby,G1_1e9_1e2_0_0,1718075257.33336,start,,
ip-172-31-31-147,1717788597,duckdb,1.0.0,1f98600c2c,groupby,G1_1e9_1e2_0_0,1718075482.00421,finish,2,0
ip-172-31-31-147,1717788597,duckdb,1.0.0,1f98600c2c,groupby,G1_1e9_1e1_0_0,1718075497.01948,start,,
ip-172-31-31-147,1717788597,duckdb,1.0.0,1f98600c2c,groupby,G1_1e9_1e1_0_0,1718075743.59873,finish,2,0
ip-172-31-31-147,1717788597,duckdb,1.0.0,1f98600c2c,groupby,G1_1e9_2e0_0_0,1718075758.61396,start,,
ip-172-31-31-147,1717788597,duckdb,1.0.0,1f98600c2c,groupby,G1_1e9_2e0_0_0,1718076008.27131,finish,2,0
ip-172-31-31-147,1717788597,duckdb,1.0.0,1f98600c2c,groupby,G1_1e9_1e2_0_1,1718076023.28654,start,,
ip-172-31-31-147,1717788597,duckdb,1.0.0,1f98600c2c,groupby,G1_1e9_1e2_0_1,1718076221.30164,finish,2,0
ip-172-31-31-147,1717788597,duckdb,1.0.0,1f98600c2c,groupby,G1_1e9_1e2_5_0,1718076236.31674,start,,
ip-172-31-31-147,1717788597,duckdb,1.0.0,1f98600c2c,groupby,G1_1e9_1e2_5_0,1718076404.13377,finish,2,0
ip-172-31-31-147,1717788597,duckdb,1.0.0,1f98600c2c,join,J1_1e7_NA_0_0,1718076419.14899,start,,
ip-172-31-31-147,1717788597,duckdb,1.0.0,1f98600c2c,join,J1_1e7_NA_0_0,1718076424.34227,finish,0,0
ip-172-31-31-147,1717788597,duckdb,1.0.0,1f98600c2c,join,J1_1e7_NA_5_0,1718076439.3575,start,,
ip-172-31-31-147,1717788597,duckdb,1.0.0,1f98600c2c,join,J1_1e7_NA_5_0,1718076443.38147,finish,0,0
ip-172-31-31-147,1717788597,duckdb,1.0.0,1f98600c2c,join,J1_1e7_NA_0_1,1718076458.39657,start,,
ip-172-31-31-147,1717788597,duckdb,1.0.0,1f98600c2c,join,J1_1e7_NA_0_1,1718076463.19338,finish,0,0
ip-172-31-31-147,1717788597,duckdb,1.0.0,1f98600c2c,join,J1_1e8_NA_0_0,1718076478.20862,start,,
ip-172-31-31-147,1717788597,duckdb,1.0.0,1f98600c2c,join,J1_1e8_NA_0_0,1718076521.01598,finish,0,0
ip-172-31-31-147,1717788597,duckdb,1.0.0,1f98600c2c,join,J1_1e8_NA_5_0,1718076536.03124,start,,
ip-172-31-31-147,1717788597,duckdb,1.0.0,1f98600c2c,join,J1_1e8_NA_5_0,1718076563.61664,finish,0,0
ip-172-31-31-147,1717788597,duckdb,1.0.0,1f98600c2c,join,J1_1e8_NA_0_1,1718076578.63186,start,,
ip-172-31-31-147,1717788597,duckdb,1.0.0,1f98600c2c,join,J1_1e8_NA_0_1,1718076619.40676,finish,0,0
ip-172-31-31-147,1717788597,duckdb-latest,1.0.0.9000,c3903e44e0,groupby,G1_1e7_1e2_0_0,1718076634.42185,start,,
ip-172-31-31-147,1717788597,duckdb-latest,1.0.0.9000,c3903e44e0,groupby,G1_1e7_1e2_0_0,1718076638.79706,finish,2,0
ip-172-31-31-147,1717788597,duckdb-latest,1.0.0.9000,c3903e44e0,groupby,G1_1e7_1e1_0_0,1718076653.81232,start,,
ip-172-31-31-147,1717788597,duckdb-latest,1.0.0.9000,c3903e44e0,groupby,G1_1e7_1e1_0_0,1718076658.43897,finish,2,0
ip-172-31-31-147,1717788597,duckdb-latest,1.0.0.9000,c3903e44e0,groupby,G1_1e7_2e0_0_0,1718076673.45422,start,,
ip-172-31-31-147,1717788597,duckdb-latest,1.0.0.9000,c3903e44e0,groupby,G1_1e7_2e0_0_0,1718076678.44238,finish,2,0
ip-172-31-31-147,1717788597,duckdb-latest,1.0.0.9000,c3903e44e0,groupby,G1_1e7_1e2_0_1,1718076693.45763,start,,
ip-172-31-31-147,1717788597,duckdb-latest,1.0.0.9000,c3903e44e0,groupby,G1_1e7_1e2_0_1,1718076698.01642,finish,2,0
ip-172-31-31-147,1717788597,duckdb-latest,1.0.0.9000,c3903e44e0,groupby,G1_1e7_1e2_5_0,1718076713.03152,start,,
ip-172-31-31-147,1717788597,duckdb-latest,1.0.0.9000,c3903e44e0,groupby,G1_1e7_1e2_5_0,1718076716.66256,finish,2,0
ip-172-31-31-147,1717788597,duckdb-latest,1.0.0.9000,c3903e44e0,groupby,G1_1e8_1e2_0_0,1718076731.67783,start,,
ip-172-31-31-147,1717788597,duckdb-latest,1.0.0.9000,c3903e44e0,groupby,G1_1e8_1e2_0_0,1718076753.83505,finish,2,0
ip-172-31-31-147,1717788597,duckdb-latest,1.0.0.9000,c3903e44e0,groupby,G1_1e8_1e1_0_0,1718076768.85031,start,,
ip-172-31-31-147,1717788597,duckdb-latest,1.0.0.9000,c3903e44e0,groupby,G1_1e8_1e1_0_0,1718076797.91374,finish,2,0
ip-172-31-31-147,1717788597,duckdb-latest,1.0.0.9000,c3903e44e0,groupby,G1_1e8_2e0_0_0,1718076812.92906,start,,
ip-172-31-31-147,1717788597,duckdb-latest,1.0.0.9000,c3903e44e0,groupby,G1_1e8_2e0_0_0,1718076838.21049,finish,2,0
ip-172-31-31-147,1717788597,duckdb-latest,1.0.0.9000,c3903e44e0,groupby,G1_1e8_1e2_0_1,1718076853.22574,start,,
ip-172-31-31-147,1717788597,duckdb-latest,1.0.0.9000,c3903e44e0,groupby,G1_1e8_1e2_0_1,1718076874.43229,finish,2,0
ip-172-31-31-147,1717788597,duckdb-latest,1.0.0.9000,c3903e44e0,groupby,G1_1e8_1e2_5_0,1718076889.44751,start,,
ip-172-31-31-147,1717788597,duckdb-latest,1.0.0.9000,c3903e44e0,groupby,G1_1e8_1e2_5_0,1718076905.99976,finish,2,0
ip-172-31-31-147,1717788597,duckdb-latest,1.0.0.9000,c3903e44e0,groupby,G1_1e9_1e2_0_0,1718076921.01486,start,,
ip-172-31-31-147,1717788597,duckdb-latest,1.0.0.9000,c3903e44e0,groupby,G1_1e9_1e2_0_0,1718077144.43855,finish,2,0
ip-172-31-31-147,1717788597,duckdb-latest,1.0.0.9000,c3903e44e0,groupby,G1_1e9_1e1_0_0,1718077159.45377,start,,
ip-172-31-31-147,1717788597,duckdb-latest,1.0.0.9000,c3903e44e0,groupby,G1_1e9_1e1_0_0,1718077399.16123,finish,2,0
ip-172-31-31-147,1717788597,duckdb-latest,1.0.0.9000,c3903e44e0,groupby,G1_1e9_2e0_0_0,1718077414.17648,start,,
ip-172-31-31-147,1717788597,duckdb-latest,1.0.0.9000,c3903e44e0,groupby,G1_1e9_2e0_0_0,1718077663.40845,finish,2,0
ip-172-31-31-147,1717788597,duckdb-latest,1.0.0.9000,c3903e44e0,groupby,G1_1e9_1e2_0_1,1718077678.42368,start,,
ip-172-31-31-147,1717788597,duckdb-latest,1.0.0.9000,c3903e44e0,groupby,G1_1e9_1e2_0_1,1718077891.73836,finish,2,0
ip-172-31-31-147,1717788597,duckdb-latest,1.0.0.9000,c3903e44e0,groupby,G1_1e9_1e2_5_0,1718077906.75345,start,,
ip-172-31-31-147,1717788597,duckdb-latest,1.0.0.9000,c3903e44e0,groupby,G1_1e9_1e2_5_0,1718078083.82443,finish,2,0
ip-172-31-31-147,1717788597,duckdb-latest,1.0.0.9000,c3903e44e0,join,J1_1e7_NA_0_0,1718078098.83953,start,,
ip-172-31-31-147,1717788597,duckdb-latest,1.0.0.9000,c3903e44e0,join,J1_1e7_NA_0_0,1718078104.16456,finish,0,0
ip-172-31-31-147,1717788597,duckdb-latest,1.0.0.9000,c3903e44e0,join,J1_1e7_NA_5_0,1718078119.17965,start,,
ip-172-31-31-147,1717788597,duckdb-latest,1.0.0.9000,c3903e44e0,join,J1_1e7_NA_5_0,1718078123.33683,finish,0,0
ip-172-31-31-147,1717788597,duckdb-latest,1.0.0.9000,c3903e44e0,join,J1_1e7_NA_0_1,1718078138.35207,start,,
ip-172-31-31-147,1717788597,duckdb-latest,1.0.0.9000,c3903e44e0,join,J1_1e7_NA_0_1,1718078143.22919,finish,0,0
ip-172-31-31-147,1717788597,duckdb-latest,1.0.0.9000,c3903e44e0,join,J1_1e8_NA_0_0,1718078158.24444,start,,
ip-172-31-31-147,1717788597,duckdb-latest,1.0.0.9000,c3903e44e0,join,J1_1e8_NA_0_0,1718078201.4137,finish,0,0
ip-172-31-31-147,1717788597,duckdb-latest,1.0.0.9000,c3903e44e0,join,J1_1e8_NA_5_0,1718078216.42895,start,,
ip-172-31-31-147,1717788597,duckdb-latest,1.0.0.9000,c3903e44e0,join,J1_1e8_NA_5_0,1718078243.50972,finish,0,0
ip-172-31-31-147,1717788597,duckdb-latest,1.0.0.9000,c3903e44e0,join,J1_1e8_NA_0_1,1718078258.52495,start,,
ip-172-31-31-147,1717788597,duckdb-latest,1.0.0.9000,c3903e44e0,join,J1_1e8_NA_0_1,1718078296.23168,finish,0,0
ip-172-31-31-147,1717788597,datafusion,38.0.1,,groupby,G1_1e7_1e2_0_0,1718078311.24689,start,,
ip-172-31-31-147,1717788597,datafusion,38.0.1,,groupby,G1_1e7_1e2_0_0,1718078314.93453,finish,0,0
ip-172-31-31-147,1717788597,datafusion,38.0.1,,groupby,G1_1e7_1e1_0_0,1718078329.94977,start,,
ip-172-31-31-147,1717788597,datafusion,38.0.1,,groupby,G1_1e7_1e1_0_0,1718078333.55614,finish,0,0
ip-172-31-31-147,1717788597,datafusion,38.0.1,,groupby,G1_1e7_2e0_0_0,1718078348.5714,start,,
ip-172-31-31-147,1717788597,datafusion,38.0.1,,groupby,G1_1e7_2e0_0_0,1718078355.40283,finish,0,0
ip-172-31-31-147,1717788597,datafusion,38.0.1,,groupby,G1_1e7_1e2_0_1,1718078370.41808,start,,
ip-172-31-31-147,1717788597,datafusion,38.0.1,,groupby,G1_1e7_1e2_0_1,1718078373.52973,finish,0,0
ip-172-31-31-147,1717788597,datafusion,38.0.1,,groupby,G1_1e7_1e2_5_0,1718078388.54499,start,,
ip-172-31-31-147,1717788597,datafusion,38.0.1,,groupby,G1_1e7_1e2_5_0,1718078391.94776,finish,0,0
ip-172-31-31-147,1717788597,datafusion,38.0.1,,groupby,G1_1e8_1e2_0_0,1718078406.96299,start,,
ip-172-31-31-147,1717788597,datafusion,38.0.1,,groupby,G1_1e8_1e2_0_0,1718078436.49779,finish,0,0
ip-172-31-31-147,1717788597,datafusion,38.0.1,,groupby,G1_1e8_1e1_0_0,1718078451.51245,start,,
ip-172-31-31-147,1717788597,datafusion,38.0.1,,groupby,G1_1e8_1e1_0_0,1718078488.88551,finish,0,0
ip-172-31-31-147,1717788597,datafusion,38.0.1,,groupby,G1_1e8_2e0_0_0,1718078503.90077,start,,
ip-172-31-31-147,1717788597,datafusion,38.0.1,,groupby,G1_1e8_2e0_0_0,1718078570.61146,finish,0,0
ip-172-31-31-147,1717788597,datafusion,38.0.1,,groupby,G1_1e8_1e2_0_1,1718078585.62656,start,,
ip-172-31-31-147,1717788597,datafusion,38.0.1,,groupby,G1_1e8_1e2_0_1,1718078613.48831,finish,0,0
ip-172-31-31-147,1717788597,datafusion,38.0.1,,groupby,G1_1e8_1e2_5_0,1718078628.50357,start,,
ip-172-31-31-147,1717788597,datafusion,38.0.1,,groupby,G1_1e8_1e2_5_0,1718078659.85106,finish,0,0
ip-172-31-31-147,1717788597,datafusion,38.0.1,,groupby,G1_1e9_1e2_0_0,1718078674.86616,start,,
ip-172-31-31-147,1717788597,datafusion,38.0.1,,groupby,G1_1e9_1e2_0_0,1718078880.03217,finish,1,137
ip-172-31-31-147,1717788597,datafusion,38.0.1,,groupby,G1_1e9_1e1_0_0,1718078895.04737,start,,
ip-172-31-31-147,1717788597,datafusion,38.0.1,,groupby,G1_1e9_1e1_0_0,1718079176.70572,finish,1,137
ip-172-31-31-147,1717788597,datafusion,38.0.1,,groupby,G1_1e9_2e0_0_0,1718079191.72093,start,,
ip-172-31-31-147,1717788597,datafusion,38.0.1,,groupby,G1_1e9_2e0_0_0,1718079698.13417,finish,1,137
ip-172-31-31-147,1717788597,datafusion,38.0.1,,groupby,G1_1e9_1e2_0_1,1718079713.14937,start,,
ip-172-31-31-147,1717788597,datafusion,38.0.1,,groupby,G1_1e9_1e2_0_1,1718079904.03353,finish,1,137
ip-172-31-31-147,1717788597,datafusion,38.0.1,,groupby,G1_1e9_1e2_5_0,1718079919.04872,start,,
ip-172-31-31-147,1717788597,datafusion,38.0.1,,groupby,G1_1e9_1e2_5_0,1718080171.33313,finish,1,137
ip-172-31-31-147,1717788597,datafusion,38.0.1,,join,J1_1e7_NA_0_0,1718080186.34831,start,,
ip-172-31-31-147,1717788597,datafusion,38.0.1,,join,J1_1e7_NA_0_0,1718080190.43332,finish,0,0
ip-172-31-31-147,1717788597,datafusion,38.0.1,,join,J1_1e7_NA_5_0,1718080205.44843,start,,
ip-172-31-31-147,1717788597,datafusion,38.0.1,,join,J1_1e7_NA_5_0,1718080208.92672,finish,0,0
ip-172-31-31-147,1717788597,datafusion,38.0.1,,join,J1_1e7_NA_0_1,1718080223.93258,start,,
ip-172-31-31-147,1717788597,datafusion,38.0.1,,join,J1_1e7_NA_0_1,1718080227.27178,finish,0,0
ip-172-31-31-147,1717788597,datafusion,38.0.1,,join,J1_1e8_NA_0_0,1718080242.28703,start,,
ip-172-31-31-147,1717788597,datafusion,38.0.1,,join,J1_1e8_NA_0_0,1718080272.58604,finish,0,0
ip-172-31-31-147,1717788597,datafusion,38.0.1,,join,J1_1e8_NA_5_0,1718080287.60116,start,,
ip-172-31-31-147,1717788597,datafusion,38.0.1,,join,J1_1e8_NA_5_0,1718080318.59761,finish,0,0
ip-172-31-31-147,1717788597,datafusion,38.0.1,,join,J1_1e8_NA_0_1,1718080333.61285,start,,
ip-172-31-31-147,1717788597,datafusion,38.0.1,,join,J1_1e8_NA_0_1,1718080363.14112,finish,0,0
ip-172-31-31-147,1718095147,collapse,2.0.14,,join,J1_1e9_NA_0_0,1718095153.1981,start,,
ip-172-31-31-147,1718095147,collapse,2.0.14,,join,J1_1e9_NA_0_0,1718099153.1981,finish,1,137
ip-172-31-31-147,1718181412,duckdb,1.0.0,1f98600c2c,join,J1_1e9_NA_0_0,1718181413.08084,start,,
ip-172-31-31-147,1718181412,duckdb,1.0.0,1f98600c2c,join,J1_1e9_NA_0_0,1718182578.8929,finish,0,0
ip-172-31-31-147,1718181412,duckdb-latest,1.0.0.9000,c3903e44e0,join,J1_1e9_NA_0_0,1718182593.90812,start,,
ip-172-31-31-147,1718181412,duckdb-latest,1.0.0.9000,c3903e44e0,join,J1_1e9_NA_0_0,1718183754.12853,finish,0,0
ip-172-31-31-147,1718202816,juliads,0.7.19, ,join,J1_1e9_NA_0_0,1718202818.83671,start,,
ip-172-31-31-147,1718202816,juliads,0.7.19, ,join,J1_1e9_NA_0_0,1718203341.62431,finish,0,0
ip-172-31-31-147,1718275079,clickhouse,24.5.1.1763,,join,J1_1e9_NA_0_0,1718275097.36266,start,,
ip-172-31-31-147,1718275079,clickhouse,24.5.1.1763,,join,J1_1e9_NA_0_0,1718275098.08227,finish,2,1
ip-172-31-31-147,1718275594,clickhouse,24.5.1.1763,,join,J1_1e9_NA_0_0,1718275612.74482,start,,
ip-172-31-31-147,1718275594,clickhouse,24.5.1.1763,,join,J1_1e9_NA_0_0,1718277135.7345,finish,24,0
ip-172-31-31-147,1718279082,clickhouse,24.5.1.1763,,join,J1_1e9_NA_0_0,1718279082.77841,start,,
ip-172-31-31-147,1718279082,clickhouse,24.5.1.1763,,join,J1_1e9_NA_0_0,1718279083.67147,finish,2,1
ip-172-31-31-147,1718281186,clickhouse,24.5.1.1763,,join,J1_1e9_NA_0_0,1718281205.40778,start,,
ip-172-31-31-147,1718281186,clickhouse,24.5.1.1763,,join,J1_1e9_NA_0_0,1718283056.26073,finish,3,0
